"model_name","net_weights","error_value","checksum","repo_release_tag","model_caption","arxiv_paper","test_dataset","img_size","img_scale","test_batch","remark"
"alexnet",62378344,1664,"2768cdb312d584e33e93f31b0c569589bb289749","v0.0.481","AlexNet","1404.5997","in1k",224,0.875,200,NA
"alexnetb",61100840,1747,"ac887bf7eada4179857d243584ac30b4d74a6493","v0.0.485","AlexNet-b","1404.5997","in1k",224,0.875,200,NA
"zfnet",62357608,1727,"d010ddca1eb32a50a8cceb475c792f53e769b631","v0.0.395","ZFNet","1311.2901","in1k",224,0.875,200,NA
"zfnetb",107627624,1490,"f6bec24eba037c8e4956704ed5bafaed29966601","v0.0.400","ZFNet-b","1311.2901","in1k",224,0.875,200,NA
"vgg11",132863336,1036,"71e85f6ef76f56e3e89d597d2fc461496ed281e9","v0.0.381","VGG-11","1409.1556","in1k",224,0.875,200,NA
"vgg13",133047848,0975,"2b2c8770a7610d9dcd444ec8ae992681e270eb42","v0.0.388","VGG-13","1409.1556","in1k",224,0.875,200,NA
"vgg16",138357544,0865,"5ca155da3dc6687e070ff34815cb5aabd0bed4b9","v0.0.401","VGG-16","1409.1556","in1k",224,0.875,200,NA
"vgg19",143667240,0790,"9bd923a82ece9f038e944d7666f1c11b478dc7e6","v0.0.420","VGG-19","1409.1556","in1k",224,0.875,200,NA
"bn_vgg11",132866088,0961,"10f01fba064ec168df074b98d59ae7b82b1207d4","v0.0.339","BN-VGG-11","1409.1556","in1k",224,0.875,200,NA
"bn_vgg13",133050792,0913,"b1acd7158e6e9973ce9e274c65ceb64a244f9967","v0.0.353","BN-VGG-13","1409.1556","in1k",224,0.875,200,NA
"bn_vgg16",138361768,0779,"0f570b928b180f909fa39df3924f89c746816722","v0.0.359","BN-VGG-16","1409.1556","in1k",224,0.875,200,NA
"bn_vgg19",143672744,0712,"3f286cbd2a57abb4c516425c5e095c2cfc8d54e3","v0.0.360","BN-VGG-19","1409.1556","in1k",224,0.875,200,NA
"bn_vgg11b",132868840,0996,"ef747edc87705e1ed500a31c80199273b2fbd5fa","v0.0.407","BN-VGG-11b","1409.1556","in1k",224,0.875,200,NA
"bn_vgg13b",133053736,0924,"5f313c535fc47c3ad6bd2f741f453dbcf8191be6","v0.0.488","BN-VGG-13b","1409.1556","in1k",224,0.875,200,NA
"bn_vgg16b",138365992,0795,"bfff365ac38a763aaed4b4d9bdc7b2cdbe6c8e9f","v0.0.489","BN-VGG-16b","1409.1556","in1k",224,0.875,200,NA
"bn_vgg19b",143678248,0746,"f523b4e4b070a170f63e9bb6965fca3764751aa9","v0.0.490","BN-VGG-19b","1409.1556","in1k",224,0.875,200,NA
"bninception",11295240,0774,"d79ba5f573ba2da5fea5e4c9a7f67ddd526e234b","v0.0.405","BN-Inception","1502.03167","in1k",224,0.875,200,NA
"resnet10",5418792,1253,"88a5961b62448ef51d57e749675cdb097695a634","v0.0.569","ResNet-10","1512.03385","in1k",224,0.875,200,NA
"resnet12",5492776,1223,"84a43cf672c708a016dd1142ca1a23c278931532","v0.0.485","ResNet-12","1512.03385","in1k",224,0.875,200,NA
"resnet14",5788200,1109,"b3132cbfb7d64ae83b1cd2e3954f4c5b1180fd7b","v0.0.491","ResNet-14","1512.03385","in1k",224,0.875,200,NA
"resnetbc14b",10064936,1074,"14b1fd95d8b7964c0e7c6eba22f6f58db03d3df0","v0.0.481","ResNet-BC-14b","1512.03385","in1k",224,0.875,200,NA
"resnet16",6968872,1009,"4352d6a91d6e28aa839f741006a5a41cfa62bfd6","v0.0.493","ResNet-16","1512.03385","in1k",224,0.875,200,NA
"resnet18_wd4",3937400,1785,"fe79b31f56e7becab9c014dbc14ccdb564b5148f","v0.0.262","ResNet-18 x0.25","1512.03385","in1k",224,0.875,200,NA
"resnet18_wd2",5804296,1327,"6654f50ad357f4596502b92b3dca2147776089ac","v0.0.263","ResNet-18 x0.5","1512.03385","in1k",224,0.875,200,NA
"resnet18_w3d4",8476056,1106,"3636648b504e1ba134947743eb34dd0e78feda02","v0.0.266","ResNet-18 x0.75","1512.03385","in1k",224,0.875,200,NA
"resnet18",11689512,0896,"77a56f155214819bfc79ff09795370f955b20e6d","v0.0.478","ResNet-18","1512.03385","in1k",224,0.875,200,NA
"resnet26",17960232,0849,"4bfbc640f218e0eaf4c380cfdb98d55f259862d6","v0.0.489","ResNet-26","1512.03385","in1k",224,0.875,200,NA
"resnetbc26b",15995176,0797,"7af52a73b234dc56ab4b0757cf3ea772d0699622","v0.0.313","ResNet-BC-26b","1512.03385","in1k",224,0.875,200,NA
"resnet34",21797672,0780,"3f775482a327e5fc4850fbb77785bfc55e171e5f","v0.0.291","ResNet-34","1512.03385","in1k",224,0.875,200,NA
"resnetbc38b",21925416,0700,"3fbac61d86810d489988a92f425f1a6bfe46f155","v0.0.328","ResNet-BC-38b","1512.03385","in1k",224,0.875,200,NA
"resnet50",25557032,0633,"b00d1c8e52aa7a2badc705b1545aaf6ccece6ce9","v0.0.329","ResNet-50","1512.03385","in1k",224,0.875,200,NA
"resnet50b",25557032,0638,"8a5473ef985d65076a3758117ad5700d726bd952","v0.0.308","ResNet-50b","1512.03385","in1k",224,0.875,200,NA
"resnet101",44549160,0540,"65faf44721096a75fa72b875efb416513f864078","v0.0.499","ResNet-101","1512.03385","in1k",224,0.875,200,NA
"resnet101b",44549160,0530,"f059ba3c7fa4a65f2da6e17f3718662d59836637","v0.0.357","ResNet-101b","1512.03385","in1k",224,0.875,200,NA
"resnet152",60192808,0468,"d46977ddb5660bb523e9f2de50e5d16cef8e3027","v0.0.518","ResNet-152","1512.03385","in1k",224,0.875,200,NA
"resnet152b",60192808,0445,"2f420307673264444e8457e2050b5d6b131002d7","v0.0.517","ResNet-152b","1512.03385","in1k",224,0.875,200,NA
"resnet200",64673832,NA,NA,NA,"ResNet-200","1512.03385","in1k",224,0.875,200,NA
"resnet200b",64673832,NA,NA,NA,"ResNet-200b","1512.03385","in1k",224,0.875,200,NA
"preresnet10",5417128,1421,"b3973cd4461287d61df081d6f689d293eacf2248","v0.0.249","PrepResNet-10","1603.05027","in1k",224,0.875,200,NA
"preresnet12",5491112,1348,"563066fa8fcf8b5f19906b933fea784965d68192","v0.0.257","PreResNet-12","1603.05027","in1k",224,0.875,200,NA
"preresnet14",5786536,1239,"4be725fd3f06c99c46817fce3b69caf2ebc62414","v0.0.260","PreResNet-14","1603.05027","in1k",224,0.875,200,NA
"preresnetbc14b",10057384,1181,"a68d31c372e647474ae954e51e5bc2ba9fb3f166","v0.0.315","PreResNet=BC-14b","1603.05027","in1k",224,0.875,200,NA
"preresnet16",6967208,1108,"06d8c87e29284dac19a9019485e210541532411a","v0.0.261","PreResNet-16","1603.05027","in1k",224,0.875,200,NA
"preresnet18_wd4",3935960,1811,"41135c15210390e9a564b14e8ae2ebda1a662ec1","v0.0.272","PreResNet-18 x0.25","1603.05027","in1k",224,0.875,200,NA
"preresnet18_wd2",5802440,1340,"c1fe4e314188eeb93302432d03731a91ce8bc9f2","v0.0.273","PreResNet-18 x0.5","1603.05027","in1k",224,0.875,200,NA
"preresnet18_w3d4",8473784,1105,"ed2f9ca434b6910b92657eefc73ad186396578d5","v0.0.274","PreResNet-18 x0.75","1603.05027","in1k",224,0.875,200,NA
"preresnet18",11687848,0972,"5651bc2dbb200382822a6b64375d240f747cc726","v0.0.140","PreResNet-18","1603.05027","in1k",224,0.875,200,NA
"preresnet26",17958568,0851,"99e7d6cc5944cd7cf6d4746e6fdf18b477d3d9a0","v0.0.316","PreResNet-26","1603.05027","in1k",224,0.875,200,NA
"preresnetbc26b",15987624,0803,"d7283bdd70e1b75520fe2cdcc273d51715e077b4","v0.0.325","PreResNet-BC-26b","1603.05027","in1k",224,0.875,200,NA
"preresnet34",21796008,0774,"fd5bd1e883048e29099768465df2dd9e891803f4","v0.0.300","PreResNet-34","1603.05027","in1k",224,0.875,200,NA
"preresnetbc38b",21917864,0657,"9e523bb92dc592ee576a6bb73a328dc024bdc967","v0.0.348","PreResNet-BC-38b","1603.05027","in1k",224,0.875,200,NA
"preresnet50",25549480,0647,"222ca73b021f893b925c15e24ea2a6bc0fdf2546","v0.0.330","PreResNet-50","1603.05027","in1k",224,0.875,200,NA
"preresnet50b",25549480,0655,"8b60378ee3aed878d27a2b4a9ddc596a812c7649","v0.0.307","PreResNet-50b","1603.05027","in1k",224,0.875,200,NA
"preresnet101",44541608,0563,"8ec82f7d697b7329aea2c95b399093e9cb2b1114","v0.0.504","PreResNet-101","1603.05027","in1k",224,0.875,200,NA
"preresnet101b",44541608,0556,"76bfe6d020b55f163e77de6b1c27be6b0bed8b7b","v0.0.351","PreResNet-101b","1603.05027","in1k",224,0.875,200,NA
"preresnet152",60185256,0464,"baeb6c5208310ab7c919fc0da3c20267471a8fa1","v0.0.510","PreResNet-152","1603.05027","in1k",224,0.875,200,NA
"preresnet152b",60185256,0459,"42c9fbcfe4e92463497fa4c2d0b007a191c6c043","v0.0.523","PreResNet-152b","1603.05027","in1k",224,0.875,200,NA
"preresnet200",64666280,NA,NA,NA,"PreResNet-200","1603.05027","in1k",224,0.875,200,NA
"preresnet200b",64666280,0468,"f82215f3a5616098e8172a85bb42071f1823a27d","v0.0.529","PreResNet-200b","1603.05027","in1k",224,0.875,200,NA
"preresnet269b",102065832,0527,"f38eca01ea8cf43d6e6fecf1fe6b1a6cd5725cb2","v0.0.545","PreResNet-269b","1603.05027","in1k",224,0.875,200,NA
"resnext14_16x4d",7127336,1248,"35ffac2a26374e71b6bf4bc9f90b7a1a1dd47e7d","v0.0.370","ResNeXt-14 (16x4d)","1611.05431","in1k",224,0.875,200,NA
"resnext14_32x2d",7029416,1281,"14521186b8c78c7c07f3904360839f22c180f65e","v0.0.371","ResNeXt-14 (32x2d)","1611.05431","in1k",224,0.875,200,NA
"resnext14_32x4d",9411880,1146,"89aa679393d8356ce5589749b4371714bf4ceac0","v0.0.327","ResNeXt-14 (32x4d)","1611.05431","in1k",224,0.875,200,NA
"resnext26_16x4d",10119976,NA,NA,NA,"ResNeXt-26 (16x4d)","1611.05431","in1k",224,0.875,200,NA
"resnext26_32x2d",9924136,0887,"c3bd130747909a8c89546f3b3f5ce08bb4f55731","v0.0.373","ResNeXt-26 (32x2d)","1611.05431","in1k",224,0.875,200,NA
"resnext26_32x4d",15389480,0746,"1011ac35e30d753b79f0600a5376c87a37b67a61","v0.0.332","ResNeXt-26 (32x4d)","1611.05431","in1k",224,0.875,200,NA
"resnext38_32x4d",21367080,NA,NA,NA,"ResNeXt-38 (32x4d)","1611.05431","in1k",224,0.875,200,NA
"resnext50_32x4d",25028904,0560,"d7976503d13734114364e0dfef1d22f6d76546d9","v0.0.498","ResNeXt-50 (32x4d)","1611.05431","in1k",224,0.875,200,NA
"resnext101_32x4d",44177704,0434,"5ac165981bac62627719b3362b31b456cba05df4","v0.0.530","ResNeXt-101 (32x4d)","1611.05431","in1k",224,0.875,200,NA
"resnext101_64x4d",83455272,0452,"60d1913ec591af7786056b1d87b3add07fdcf2e1","v0.0.544","ResNeXt-101 (64x4d)","1611.05431","in1k",224,0.875,200,NA
"seresnet10",5463332,1202,"8dace12e6aaac68d3c272f52b2513a5b40a4f959","v0.0.486","SE-ResNet-10","1709.01507","in1k",224,0.875,200,NA
"seresnet12",5537896,1200,"81d5406e29f4c91cb85e079cf66c6e7348079e5b","v0.0.544","SE-ResNet-12","1709.01507","in1k",224,0.875,200,NA
"seresnet14",5835504,1128,"2afa45c6a2a8cad376e994fc690b9f72cffdc875","v0.0.545","SE-ResNet-14","1709.01507","in1k",224,0.875,200,NA
"seresnet16",7024640,0998,"e2c666dd14dec8918854df7200706ed0c5ae8e74","v0.0.545","SE-ResNet-16","1709.01507","in1k",224,0.875,200,NA
"seresnet18",11778592,0961,"022123a5e88c9917e63165f5b5a7808a606d452a","v0.0.355","SE-ResNet-18","1709.01507","in1k",224,0.875,200,NA
"seresnet26",18093852,0824,"64fc8759c5bb9b9b40b2e33a46420ee22ae268c9","v0.0.363","SE-ResNet-26","1709.01507","in1k",224,0.875,200,NA
"seresnetbc26b",17395976,0703,"b98d9d6afca4d79d0347001542162b9fe4071d39","v0.0.366","SE-ResNet-BC-26b","1709.01507","in1k",224,0.875,200,NA
"seresnet34",21958868,NA,NA,NA,"SE-ResNet-34","1709.01507","in1k",224,0.875,200,NA
"seresnetbc38b",24026616,0595,"03671c05f5f684b44085383b7b89a8b44a7524fe","v0.0.374","SE-ResNet-BC-38b","1709.01507","in1k",224,0.875,200,NA
"seresnet50",28088024,0575,"004bfde422c860c4f11b1e1190bb5a8db477d939","v0.0.441","SE-ResNet-50","1709.01507","in1k",224,0.875,200,NA
"seresnet50b",28088024,0539,"459e6871e944d1c7102ee9c055ea428b8d9a168c","v0.0.387","SE-ResNet-50b","1709.01507","in1k",224,0.875,200,NA
"seresnet101",49326872,0460,"37851448605dae67bbf83ff8e7f7e7cc367e1746","v0.0.533","SE-ResNet-101","1709.01507","in1k",224,0.875,200,NA
"seresnet101b",49326872,0487,"b83a20fd2ad9a32e0fe5cb3daef45aac03ea3194","v0.0.460","SE-ResNet-101b","1709.01507","in1k",224,0.875,200,NA
"seresnet152",66821848,0439,"7a6b02ac25caccb0420eea542c625f9b0bfb3e03","v0.0.538","SE-ResNet-152","1709.01507","in1k",224,0.875,200,NA
"seresnet152b",66821848,NA,NA,NA,"SE-ResNet-152b","1709.01507","in1k",224,0.875,200,NA
"seresnet200",71835864,NA,NA,NA,"SE-ResNet-200","1709.01507","in1k",224,0.875,200,NA
"seresnet200b",71835864,NA,NA,NA,"SE-ResNet-200b","1709.01507","in1k",224,0.875,200,NA
"sepreresnet10",5461668,1257,"a08d5c618ebf6bca046f826366e7cd6fbe40851b","v0.0.544","SE-PreResNet-10","1709.01507","in1k",224,0.875,200,NA
"sepreresnet12",5536232,1203,"4f8d63e2a1841b0a1b5bae5caa46770c3f183055","v0.0.543","SE-PreResNet-12","1709.01507","in1k",224,0.875,200,NA
"sepreresnet14",5833840,NA,NA,NA,"SE-PreResNet-14","1709.01507","in1k",224,0.875,200,NA
"sepreresnet16",7022976,0975,"251c11a4886ba81d7ac377ace5ab0172101f1b53","v0.0.543","SE-PreResNet-16","1709.01507","in1k",224,0.875,200,NA
"sepreresnet18",11776928,0909,"cd3cc116f96254d5d664f1c322bbc684287aa82d","v0.0.543","SE-PreResNet-18","1709.01507","in1k",224,0.875,200,NA
"sepreresnet26",18092188,0822,"2c73c690d9822ac7cfe22471da78816b4ac729f9","v0.0.543","SE-PreResNet-26","1709.01507","in1k",224,0.875,200,NA
"sepreresnetbc26b",17388424,0660,"f750b2f588a27620b30c86f0060a41422d4a0f75","v0.0.399","SE-PreResNet-BC-26b","1709.01507","in1k",224,0.875,200,NA
"sepreresnet34",21957204,NA,NA,NA,"SE-PreResNet-34","1709.01507","in1k",224,0.875,200,NA
"sepreresnetbc38b",24019064,0578,"12827fcd3c8c1a8c8ba1d109e85ffa67e7ab306a","v0.0.409","SE-PreResNet-BC-38b","1709.01507","in1k",224,0.875,200,NA
"sepreresnet50",28080472,NA,NA,NA,"SE-PreResNet-50","1709.01507","in1k",224,0.875,200,NA
"sepreresnet50b",28080472,0549,"4628a07d7dd92c775868dffd33fd6e3e7522c261","v0.0.461","SE-PreResNet-50b","1709.01507","in1k",224,0.875,200,NA
"sepreresnet101",49319320,NA,NA,NA,"SE-PreResNet-101","1709.01507","in1k",224,0.875,200,NA
"sepreresnet101b",49319320,NA,NA,NA,"SE-PreResNet-101b","1709.01507","in1k",224,0.875,200,NA
"sepreresnet152",66814296,NA,NA,NA,"SE-PreResNet-152","1709.01507","in1k",224,0.875,200,NA
"sepreresnet152b",66814296,NA,NA,NA,"SE-PreResNet-152b","1709.01507","in1k",224,0.875,200,NA
"sepreresnet200",71828312,NA,NA,NA,"SE-PreResNet-200","1709.01507","in1k",224,0.875,200,NA
"sepreresnet200b",71828312,NA,NA,NA,"SE-PreResNet-200b","1709.01507","in1k",224,0.875,200,NA
"seresnext50_32x4d",27559896,0451,"52029a7f6170873b2d50a7016fba053e98183f7b","v0.0.505","SE-ResNeXt-50 (32x4d)","1709.01507","in1k",224,0.875,200,NA
"seresnext101_32x4d",48955416,0467,"c738e758c535fac87027fc4b9271a7cb95442505","v0.0.529","SE-ResNeXt-101 (32x4d)","1709.01507","in1k",224,0.875,200,NA
"seresnext101_64x4d",88232984,0428,"ea9d98df431d53251011099f317cd20fa2307d1b","v0.0.561","SE-ResNeXt-101 (64x4d)","1709.01507","in1k",224,0.875,200,NA
"senet16",31366168,0820,"373aeafdc994c3e03bf483a9fa3ecb152353722a","v0.0.341","SENet-16","1709.01507","in1k",224,0.875,200,NA
"senet28",36453768,0598,"27165b63696061e57c141314d44732aa65f807a8","v0.0.356","SENet-28","1709.01507","in1k",224,0.875,200,NA
"senet40",41541368,NA,NA,NA,"SENet-40","1709.01507","in1k",224,0.875,200,NA
"senet52",44659416,NA,NA,NA,"SENet-52","1709.01507","in1k",224,0.875,200,NA
"senet103",60963096,NA,NA,NA,"SENet-103","1709.01507","in1k",224,0.875,200,NA
"senet154",115088984,0455,"95dbccbe56dc93c4544e6d1c6673f09425a4cee2","v0.0.522","SENet-154","1709.01507","in1k",224,0.875,200,NA
"resnestabc14",10611688,0647,"0c3d9e34aebf0dee0dbcbb937eb54f2a7fc8f64a","v0.0.493","ResNeSt(A)-BC-14","2004.08955","in1k",224,0.875,200,NA
"resnesta18",12763784,0707,"efca5a69587dcdff3aa5d3d7cbd621d082299e27","v0.0.489","ResNeSt(A)-18","2004.08955","in1k",224,0.875,200,NA
"resnestabc26",17069448,0476,"7d97b20648e1f38454e6f5b1fe796c8eaf6e7e74","v0.0.495","ResNeSt(A)-BC-26","2004.08955","in1k",224,0.875,200,NA
"resnesta50",27483240,0449,"8ebaf2c7ee098e60bf9426c21d49a21bc00fa8d0","v0.0.531","ResNeSt(A)-50","2004.08955","in1k",224,0.875,200,NA
"resnesta101",48275016,0403,"61e147732069b54ed4da4b342b1b8526a0e9df54","v0.0.465","ResNeSt(A)-101","2004.08955","in1k",224,0.875,200,NA
"resnesta152",65316040,0463,"42e22fedbf9e7a8b2286163e3380044189d524c0","v0.0.540","ResNeSt(A)-152","2004.08955","in1k",224,0.875,200,NA
"resnesta200",70201544,0339,"6dc300871b186950ee64fd28bb168f7fb4a036e3","v0.0.465","ResNeSt(A)-200","2004.08955","in1k",256,0.875,150,NA
"resnesta269",110929480,0338,"6a555ce85eb177299eb43747cf019a50d3a143c1","v0.0.465","ResNeSt(A)-269","2004.08955","in1k",320,0.875,100,NA
"ibn_resnet50",25557032,0576,"40c420fcbbfd87bf634fc5b351746e124c32e401","v0.0.495","IBN-ResNet-50","1807.09441","in1k",224,0.875,200,NA
"ibn_resnet101",44549160,0507,"6f488f243cb02e8f4e934a390f8037cef927dcf7","v0.0.552","IBN-ResNet-101","1807.09441","in1k",224,0.875,200,NA
"ibn_resnet152",60192808,NA,NA,NA,"IBN-ResNet-152","1807.09441","in1k",224,0.875,200,NA
"ibnb_resnet50",25558568,0597,"383b44324af7bb3842b93df177bdd199864e0e8d","v0.0.552","IBN(b)-ResNet-50","1807.09441","in1k",224,0.875,200,NA
"ibnb_resnet101",44550696,NA,NA,NA,"IBN(b)-ResNet-101","1807.09441","in1k",224,0.875,200,NA
"ibnb_resnet152",60194344,NA,NA,NA,"IBN(b)-ResNet-152","1807.09441","in1k",224,0.875,200,NA
"ibn_resnext50_32x4d",25028904,NA,NA,NA,"IBN-ResNeXt-50 (32x4d)","1807.09441","in1k",224,0.875,200,NA
"ibn_resnext101_32x4d",44177704,0512,"73534cc42c9f7b1aa859b32e012c31f9ea66fd60","v0.0.553","IBN-ResNeXt-101 (32x4d)","1807.09441","in1k",224,0.875,200,NA
"ibn_resnext101_64x4d",83455272,NA,NA,NA,"IBN-ResNeXt-101 (64x4d)","1807.09441","in1k",224,0.875,200,NA
"ibn_densenet121",7978856,0673,"0ea2c535382c7a3d92e712617d8405ba631c071f","v0.0.493","IBN-DenseNet-121","1807.09441","in1k",224,0.875,200,NA
"ibn_densenet161",28681000,NA,NA,NA,"IBN-DenseNet-161","1807.09441","in1k",224,0.875,200,NA
"ibn_densenet169",14149480,0619,"ec2c0556f4fb2e2e51d49460095bf28259cb5d19","v0.0.500","IBN-DenseNet-169","1807.09441","in1k",224,0.875,200,NA
"ibn_densenet201",20013928,NA,NA,NA,"IBN-DenseNet-201","1807.09441","in1k",224,0.875,200,NA
"airnet50_1x64d_r2",27425864,0532,"398445f4059b5505e2fd5b7338fe174960f8571a","v0.0.522","AirNet50-1x64d (r=2)",NA,"in1k",224,0.875,200,NA
"airnet50_1x64d_r16",25714952,0560,"d46d344b7e4216d43dc83659afd265d11cf3e05e","v0.0.519","AirNet50-1x64d (r=16)",NA,"in1k",224,0.875,200,NA
"airnet101_1x64d_r2",51727432,NA,NA,NA,"AirNet101-1x64d (r=2)",NA,"in1k",224,0.875,200,NA
"airnext50_32x4d_r2",27604296,0515,"85f13273529e6c4192a790fc55dafa7f022376f4","v0.0.521","AirNeXt50-32x4d (r=2)",NA,"in1k",224,0.875,200,NA
"airnext101_32x4d_r2",54099272,NA,NA,NA,"AirNeXt101-32x4d (r=2)",NA,"in1k",224,0.875,200,NA
"airnext101_32x4d_r16",45456456,NA,NA,NA,"AirNeXt101-32x4d (r=16)",NA,"in1k",224,0.875,200,NA
"bam_resnet18",11712503,NA,NA,NA,"BAM-ResNet-18","1807.06514","in1k",224,0.875,200,NA
"bam_resnet34",21820663,NA,NA,NA,"BAM-ResNet-34","1807.06514","in1k",224,0.875,200,NA
"bam_resnet50",25915099,0547,"a04adf3c93f56836509f66668aa90360c9688eb8","v0.0.499","BAM-ResNet-50","1807.06514","in1k",224,0.875,200,NA
"bam_resnet101",44907227,NA,NA,NA,"BAM-ResNet-101","1807.06514","in1k",224,0.875,200,NA
"bam_resnet152",60550875,NA,NA,NA,"BAM-ResNet-152","1807.06514","in1k",224,0.875,200,NA
"cbam_resnet18",11779392,NA,NA,NA,"CBAM-ResNet-18","1807.06521","in1k",224,0.875,200,NA
"cbam_resnet34",21960468,NA,NA,NA,"CBAM-ResNet-34","1807.06521","in1k",224,0.875,200,NA
"cbam_resnet50",28089624,0505,"d8cf8488efb97afecd6b3287a3ca9fa093fc3127","v0.0.537","CBAM-ResNet-50","1807.06521","in1k",224,0.875,200,NA
"cbam_resnet101",49330172,NA,NA,NA,"CBAM-ResNet-101","1807.06521","in1k",224,0.875,200,NA
"cbam_resnet152",66826848,NA,NA,NA,"CBAM-ResNet-152","1807.06521","in1k",224,0.875,200,NA
"scnet50",25564584,0547,"18741240886d8e260c228027f3ac44fc1c741f90","v0.0.493","SCNet-50",NA,"in1k",224,0.875,200,NA
"scnet101",44565416,0484,"13801569a6e07724ebc998d3face11c9b867288b","v0.0.507","SCNet-101",NA,"in1k",224,0.875,200,NA
"scneta50",25583816,0468,"eb3c25d6c9c8b6c0815a724d798b9b5a2b27ce34","v0.0.472","SCNet(A)-50",NA,"in1k",224,0.875,200,"[MCG-NKU/SCNet]"
"scneta101",44689192,NA,NA,NA,"SCNet(A)-101",NA,"in1k",224,0.875,200,NA
"regnetx002",2684792,1066,"e389d6ce5846b65a5859152243d821308252e202","v0.0.475","RegNetX-200MF",NA,"in1k",224,0.875,200,NA
"regnetx004",5157512,0866,"9584cc0b8e461f624b3050a59bb36b15e04df980","v0.0.479","RegNetX-400MF",NA,"in1k",224,0.875,200,NA
"regnetx006",6196040,0791,"30ca597ae0506cb588a7fd8d2fecc4be8402b0cf","v0.0.482","RegNetX-600MF",NA,"in1k",224,0.875,200,NA
"regnetx008",7259656,0740,"157abf5e7c9244a482bf7655e75bfaea143b4d61","v0.0.482","RegNetX-800MF",NA,"in1k",224,0.875,200,NA
"regnetx016",9190136,0637,"6de8a97b67a34be6e9acc234261f051da1b9444a","v0.0.486","RegNetX-1.6GF",NA,"in1k",224,0.875,200,NA
"regnetx032",15296552,0592,"75dc82ab5cbc1b715444b8336b5178580bd6d7d9","v0.0.492","RegNetX-3.2GF",NA,"in1k",224,0.875,200,NA
"regnetx040",22118248,0488,"b891108c3dd4594ae0d6ecb91ad7be3d2d96878d","v0.0.495","RegNetX-4.0GF",NA,"in1k",224,0.875,200,NA
"regnetx064",26209256,0468,"bea758f904ea74e88b85040221f024c8553cf8f8","v0.0.535","RegNetX-6.4GF",NA,"in1k",224,0.875,200,NA
"regnetx080",39572648,0486,"1d94db030638ab1dd01c644be700a14e5d05ca74","v0.0.515","RegNetX-8.0GF",NA,"in1k",224,0.875,200,NA
"regnetx120",46106056,0532,"a93ee3a7abdd3b6b1d117861d02fc7a344185458","v0.0.542","RegNetX-12GF",NA,"in1k",224,0.875,200,NA
"regnetx160",54278536,0477,"bd9f3534c727d3e69c410b1909253cce4815385e","v0.0.532","RegNetX-16GF",NA,"in1k",224,0.875,200,NA
"regnetx320",107811560,0413,"34bc3cd236481d9b96d3405f58855c7582270583","v0.0.548","RegNetX-32GF",NA,"in1k",224,0.875,200,NA
"regnety002",3162996,0980,"57f04168f284797b799d624d906f5d38dcf23177","v0.0.476","RegNetY-200MF",NA,"in1k",224,0.875,200,NA
"regnety004",4344144,0769,"8c36573f17d3ef2ab8770be2593e94d714b035d7","v0.0.481","RegNetY-400MF",NA,"in1k",224,0.875,200,NA
"regnety006",6055160,0712,"d6401a374a2c35ed1b2ac29a885438834c38cd0a","v0.0.483","RegNetY-600MF",NA,"in1k",224,0.875,200,NA
"regnety008",6263168,0660,"ed298c233ef1ce2e3f82a6d23be1eebd43afdd75","v0.0.483","RegNetY-800MF",NA,"in1k",224,0.875,200,NA
"regnety016",11202430,0581,"b45eccd6d1a80dc6e5608abd89c79db7547f2735","v0.0.486","RegNetY-1.6GF",NA,"in1k",224,0.875,200,NA
"regnety032",19436338,0404,"cb3314864b68dfd2e0037928a3b635c81f86ccb2","v0.0.473","RegNetY-3.2GF",NA,"in1k",224,0.875,200,"[rwightman/pyt...models]"
"regnety040",20646656,0470,"052d76810aca2267e217a219d600299acc171c40","v0.0.494","RegNetY-4.0GF",NA,"in1k",224,0.875,200,NA
"regnety064",30583252,0456,"bff39135d55313cb424adeb8bb4b22db7fea09ba","v0.0.513","RegNetY-6.4GF",NA,"in1k",224,0.875,200,NA
"regnety080",39180068,0448,"c084bf6a0ee2f7722396622fb7865ee0c19b7244","v0.0.516","RegNetY-8.0GF",NA,"in1k",224,0.875,200,NA
"regnety120",51822544,0442,"bf25956032eb6d98134a8e8b0e4640324cc92e59","v0.0.526","RegNetY-12GF",NA,"in1k",224,0.875,200,NA
"regnety160",83590140,0444,"e7e05d91c588a308e1676163fd3ed914b61ab12e","v0.0.527","RegNetY-16GF",NA,"in1k",224,0.875,200,NA
"regnety320",145046770,0383,"a8b16205af3911b14f2fb3ca7cf55529a94fa52f","v0.0.550","RegNetY-32GF",NA,"in1k",224,0.875,200,NA
"pyramidnet101_a360",42455070,0543,"7f1747f84b83b504ece3eb2bc3924d36343358ad","v0.0.507","PyramidNet-101 (a=360)","1610.02915","in1k",224,0.875,200,NA
"diracnet18v2",11511784,1170,"e06737707a1f5a5c7fe4e57da92ed890b034cb9a","v0.0.111","DiracNetV2-18","1706.00388","in1k",224,0.875,200,"[szagoruyko/diracnets]"
"diracnet34v2",21616232,0993,"a6a661c0c3e96af320e5b9bf65a6c8e5e498a474","v0.0.111","DiracNetV2-34","1706.00388","in1k",224,0.875,200,"[szagoruyko/diracnets]"
"densenet121",7978856,0704,"cf90d1394d197fde953f57576403950345bd0a66","v0.0.314","DenseNet-121","1608.06993","in1k",224,0.875,200,NA
"densenet161",28681000,0606,"da489277afe7f53048ec15bed7919486e22f1afa","v0.0.432","DenseNet-161","1608.06993","in1k",224,0.875,200,NA
"densenet169",14149480,0629,"44974a17309bb378e97c8f70f96f961ffbf9458d","v0.0.406","DenseNet-169","1608.06993","in1k",224,0.875,200,NA
"densenet201",20013928,0612,"6adc8625a4afa53e335272bab01b4908a0ca3f00","v0.0.426","DenseNet-201","1608.06993","in1k",224,0.875,200,NA
"condensenet74_c4_g4",4773944,0828,"5ba550494cae7081d12c14b02b2a02365539d377","v0.0.4","CondenseNet-74 (C=G=4)","1711.09224","in1k",224,0.875,200,"[ShichenLiu/CondenseNet]"
"condensenet74_c8_g8",2935416,1006,"3574d874fefc3307f241690bad51f20e61be1542","v0.0.4","CondenseNet-74 (C=G=8)","1711.09224","in1k",224,0.875,200,"[ShichenLiu/CondenseNet]"
"peleenet",2802248,1004,"5107a95d09d062cb152986169aa5b6f8f08afa47","v0.0.496","PeleeNet","1804.06882","in1k",224,0.875,200,NA
"wrn50_2",68849128,0626,"1e67b96cbfabe9a3717a8257ac8bf9d6ebc9d2cf","v0.0.520","WRN-50-2","1605.07146","in1k",224,0.875,200,NA
"drnc26",21126584,0723,"e7306483781db61f71302eda6769d7d9fd126bf6","v0.0.508","DRN-C-26","1705.09914","in1k",224,0.875,200,NA
"drnc42",31234744,0628,"8817241f62263c6375ff3c17a9d34f42067a114d","v0.0.556","DRN-C-42","1705.09914","in1k",224,0.875,200,NA
"drnc58",40542008,0527,"3f74be98f80db3273ed764ded5bcb5d8bdf0b907","v0.0.559","DRN-C-58","1705.09914","in1k",224,0.875,200,NA
"drnd22",16393752,0758,"02cb44bdea9b05e988e65576f79f5f5c133f2664","v0.0.498","DRN-D-22","1705.09914","in1k",224,0.875,200,NA
"drnd38",26501912,0643,"496f648b8b8427050ad3327077f9a9b7a07fbcc6","v0.0.552","DRN-D-38","1705.09914","in1k",224,0.875,200,NA
"drnd54",35809176,0517,"caa3c85dbdb39397f049da649d196b15704427b3","v0.0.554","DRN-D-54","1705.09914","in1k",224,0.875,200,NA
"drnd105",54801304,0501,"8dc6aa76c16cb1964929adf53183d1e0324ae051","v0.0.564","DRN-D-105","1705.09914","in1k",224,0.875,200,NA
"dpn68",12611602,0679,"a33c98c783cbf93cca4cc9ce1584da50a6b12077","v0.0.310","DPN-68","1707.01629","in1k",224,0.875,200,NA
"dpn68b",12611602,NA,NA,NA,"DPN-68b","1707.01629","in1k",224,0.875,200,NA
"dpn98",61570728,0430,"50ff8ef6cc0a11461dfd7168c291e2fce4382d24","v0.0.540","DPN-98","1707.01629","in1k",224,0.875,200,NA
"dpn107",86917800,NA,NA,NA,"DPN-107","1707.01629","in1k",224,0.875,200,NA
"dpn131",79254504,0503,"1765c5eec6e62bfe03cd25e1b31225b827cc9636","v0.0.534","DPN-131","1707.01629","in1k",224,0.875,200,NA
"darknet_tiny",1042104,1784,"4561e1ada619e33520d1f765b3321f7f8ea6196b","v0.0.69","DarkNet Tiny",NA,"in1k",224,0.875,200,NA
"darknet_ref",7319416,1718,"034595b49113ee23de72e36f7d8a3dbb594615f6","v0.0.64","DarkNet Ref",NA,"in1k",224,0.875,200,NA
"darknet19",20842376,NA,NA,NA,"DarkNet-19",NA,"in1k",224,0.875,200,NA
"darknet53",41609928,0558,"8be575a04c1789c16b7fa6835919461bb5b174d1","v0.0.501","DarkNet-53","1804.02767","in1k",224,0.875,200,NA
"irevnet301",125120356,0752,"d378865f937472907a78b9832c46ec7fe8893fdc","v0.0.564","i-RevNet-301","1802.07088","in1k",224,0.875,200,"[jhjacobsen/pytorch-i-revnet]"
"bagnet9",15688744,2576,"36d935e1ec250208f585a1a53b65c79ddc11d7cd","v0.0.553","BagNet-9",NA,"in1k",224,0.875,200,NA
"bagnet17",16213032,1551,"04da269cb4db817fa8750c2605e4fe7e6c0250ed","v0.0.558","BagNet-17",NA,"in1k",224,0.875,200,NA
"bagnet33",18310184,1070,"7d16b6f4190ed5ce3f4f26373d60b51cdc5d4cd9","v0.0.561","BagNet-33",NA,"in1k",224,0.875,200,NA
"dla34",15742104,0724,"649c67e61942283abe7f6a798fb9fcae346e5a5d","v0.0.486","DLA-34","1707.06484","in1k",224,0.875,200,NA
"dla46c",1301400,1323,"efcd363642a4b479892f47edae7440f0eea05edb","v0.0.282","DLA-46-C","1707.06484","in1k",224,0.875,200,NA
"dla46xc",1068440,1269,"00d3754ad0ff22636bb1f4b4fb8baebf4751a1ee","v0.0.293","DLA-X-46-C","1707.06484","in1k",224,0.875,200,NA
"dla60",22036632,0570,"f8ea80aa6155591c1082b3caaa0815d164ae2259","v0.0.494","DLA-60","1707.06484","in1k",224,0.875,200,NA
"dla60x",17352344,0575,"fae6dc6d434d4cf0b52e5d4b3da13b5230d08c02","v0.0.493","DLA-X-60","1707.06484","in1k",224,0.875,200,NA
"dla60xc",1319832,1091,"0f6381f335e5bbb4c69b360be61a4a08e5c7a9de","v0.0.289","DLA-X-60-C","1707.06484","in1k",224,0.875,200,NA
"dla102",33268888,0537,"fdabf0c31bd2e359ee9a8374b6a42d1396093cf1","v0.0.505","DLA-102","1707.06484","in1k",224,0.875,200,NA
"dla102x",26309272,0488,"b1727759bba2394891f74481ceb91a603f0b4c8e","v0.0.528","DLA-X-102","1707.06484","in1k",224,0.875,200,NA
"dla102x2",41282200,0437,"8922a4575b1e4bdd30acd084a5b6ec1f972ec82d","v0.0.542","DLA-X2-102","1707.06484","in1k",224,0.875,200,NA
"dla169",53389720,0471,"402f95f01800539345428ec17e32d033886452c1","v0.0.539","DLA-169","1707.06484","in1k",224,0.875,200,NA
"fishnet99",16628904,NA,NA,NA,"FishNet-99",NA,"in1k",224,0.875,200,NA
"fishnet150",24959400,0475,"93e26daaf570bc92b58f7421ab28c22ca405ad93","v0.0.502","FishNet-150",NA,"in1k",224,0.875,200,NA
"espnetv2_wd2",1241092,2015,"d234781f81e5d1b5ae6070fc851e3f7bb860b9fd","v0.0.238","ESPNetv2 x0.5","1811.11431","in1k",224,0.875,200,"[sacmehta/ESPNetv2]"
"espnetv2_w1",1669592,1345,"550d54229d7fd8f7c090601c2123ab3ca106393b","v0.0.238","ESPNetv2 x1.0","1811.11431","in1k",224,0.875,200,"[sacmehta/ESPNetv2]"
"espnetv2_w5d4",1964832,1218,"85d97b2b1c9ebb176f634949ef5ca6d7fe70f09c","v0.0.238","ESPNetv2 x1.25","1811.11431","in1k",224,0.875,200,"[sacmehta/ESPNetv2]"
"espnetv2_w3d2",2314120,1108,"40da2416923f5a79ae1001d2bbc9c7cbdf8c8d67","v0.0.566","ESPNetv2 x1.5","1811.11431","in1k",224,0.875,200,NA
"espnetv2_w2",3497144,0961,"13ba0f7200eb745bacdf692905fde711236448ef","v0.0.238","ESPNetv2 x2.0","1811.11431","in1k",224,0.875,200,"[sacmehta/ESPNetv2]"
"dicenet_wd5",1130704,2938,"2d721aa1795c7eb57dfabf73d17a416be64ae7fa","v0.0.497","DiCENet x0.2","1906.03516","in1k",224,0.875,200,"[sacmehta/EdgeNets]"
"dicenet_wd2",1214120,2258,"4f35289a84f31aece5747d01fa54779f7d9dd1db","v0.0.497","DiCENet x0.5","1906.03516","in1k",224,0.875,200,"[sacmehta/EdgeNets]"
"dicenet_w3d4",1495676,1574,"29d7d14f444f7cefa4d098f24bd171ad23249b1c","v0.0.497","DiCENet x0.75","1906.03516","in1k",224,0.875,200,"[sacmehta/EdgeNets]"
"dicenet_w1",1805604,1325,"d3648c4c3f0376c3b02ee1fdfdf683462317c77f","v0.0.497","DiCENet x1.0","1906.03516","in1k",224,0.875,200,"[sacmehta/EdgeNets]"
"dicenet_w5d4",2162888,1240,"8c4dd6f6be26e3c29012377e4b1bd88d5089977a","v0.0.497","DiCENet x1.25","1906.03516","in1k",224,0.875,200,"[sacmehta/EdgeNets]"
"dicenet_w3d2",2652200,1123,"e5c5db64a407bd9cd6567301b2d6477ea614dc87","v0.0.497","DiCENet x1.5","1906.03516","in1k",224,0.875,200,"[sacmehta/EdgeNets]"
"dicenet_w7d8",3264932,1062,"8b599d4697ce5f2c95f26104796c3089cff5f6c6","v0.0.497","DiCENet x1.75","1906.03516","in1k",224,0.875,200,"[sacmehta/EdgeNets]"
"dicenet_w2",3979044,0945,"5c48ba97187df4bbc9ca30071facd1728f8808ad","v0.0.569","DiCENet x2.0","1906.03516","in1k",224,0.875,200,NA
"hrnet_w18_small_v1",13187464,0901,"300230646c0796b7ba20954a9245803ecac4cdf0","v0.0.492","HRNet-W18 Small V1","1908.07919","in1k",224,0.875,200,NA
"hrnet_w18_small_v2",15597464,0618,"ef7b1fe4e206cadaad6a59faef1e0bc6104da825","v0.0.499","HRNet-W18 Small V2","1908.07919","in1k",224,0.875,200,NA
"hrnetv2_w18",21299004,0512,"9d2b7fbfb4a0efd878172ec8f81d517ba347a6a2","v0.0.508","HRNetV2-W18","1908.07919","in1k",224,0.875,200,NA
"hrnetv2_w30",37712220,0521,"73d7e48d2006d86c50d03ed24c92277b77fb5146","v0.0.525","HRNetV2-W30","1908.07919","in1k",224,0.875,200,NA
"hrnetv2_w32",41232680,0506,"4aaf8a212b65f4b97f572b6fbbda4fa63ad0954a","v0.0.528","HRNetV2-W32","1908.07919","in1k",224,0.875,200,NA
"hrnetv2_w40",57557160,0493,"6f6d22d3e778c9f80d83d73ecf114fa68784ca6f","v0.0.534","HRNetV2-W40","1908.07919","in1k",224,0.875,200,NA
"hrnetv2_w44",67064984,0501,"ec40e5455147db5a03aab423cac75b816030976d","v0.0.541","HRNetV2-W44","1908.07919","in1k",224,0.875,200,NA
"hrnetv2_w48",77469864,0500,"0554b840b6f3f87403433595d946170d91d15334","v0.0.541","HRNetV2-W48","1908.07919","in1k",224,0.875,200,NA
"hrnetv2_w64",128059944,0487,"108e78b1f2eedcf705bcce55e286969861f67cf8","v0.0.543","HRNetV2-W64","1908.07919","in1k",224,0.875,200,NA
"vovnet27s",3525736,0997,"b7a5bf677bd3431bbed44b439fde7a01d699ace1","v0.0.551","VoVNet-27-slim","1904.0973","in1k",224,0.875,200,NA
"vovnet39",22600296,0564,"63bfa613870b37bd4fb5b71412e7875392aa4f66","v0.0.493","VoVNet-39","1904.0973","in1k",224,0.875,200,NA
"vovnet57",36640296,0518,"c080e47169a176043f298b1e909ddd8776d5aa76","v0.0.505","VoVNet-57","1904.0973","in1k",224,0.875,200,NA
"selecsls42",30354952,NA,NA,NA,"SelecSLS-42","1907.00837","in1k",224,0.875,200,NA
"selecsls42b",32458248,0611,"acff1e8b36428719059eec4b60c7b2c045a54d8e","v0.0.493","SelecSLS-42b","1907.00837","in1k",224,0.875,200,NA
"selecsls60",30670768,0529,"1e1b05bc1432fe7c4a8bac26278c16f7486a498f","v0.0.496","SelecSLS-60","1907.00837","in1k",224,0.875,200,NA
"selecsls60b",32774064,0559,"a0e7b4effe66dc58c76d22a7647dfce7f3639c33","v0.0.495","SelecSLS-60b","1907.00837","in1k",224,0.875,200,NA
"selecsls84",50954600,NA,NA,NA,"SelecSLS-84","1907.00837","in1k",224,0.875,200,NA
"hardnet39ds",3488228,0881,"ea47fc939a130a70c5fa3326c3af6ba049a99f92","v0.0.485","HarDNet-39DS","1909.00948","in1k",224,0.875,200,NA
"hardnet68ds",4180602,0756,"e0da07508c1eb92fee49df42243836892fe2f4c8","v0.0.487","HarDNet-68DS","1909.00948","in1k",224,0.875,200,NA
"hardnet68",17565348,0699,"2e207f79a1995f5f30d5b9fca3391bb8e7b8594f","v0.0.435","HarDNet-68","1909.00948","in1k",224,0.875,200,"[PingoLH/Pytorch-HarDNet]"
"hardnet85",36670212,0586,"39d80e9361844e8ba02b08e93a7440eac14d2eda","v0.0.495","HarDNet-85","1909.00948","in1k",224,0.875,200,NA
"squeezenet_v1_0",1248424,1766,"afdbcf1aef39237300656d2c5a7dba19230e29fc","v0.0.128","SqueezeNet v1.0","1602.0736","in1k",224,0.875,200,NA
"squeezenet_v1_1",1235496,1772,"25b77bc39e35612abbe7c2344d2c3e1e6756c2f8","v0.0.88","SqueezeNet v1.1","1602.0736","in1k",224,0.875,200,NA
"squeezeresnet_v1_0",1248424,1809,"25bfc02edeffb279010242614e7d73bbeacc0170","v0.0.178","SqueezeResNet v1.0","1602.0736","in1k",224,0.875,200,NA
"squeezeresnet_v1_1",1235496,1821,"c27ed88f1b19eb233d3925efc71c71d25e4c434e","v0.0.70","SqueezeResNet v1.1","1602.0736","in1k",224,0.875,200,NA
"sqnxt23_w1",724056,1906,"97b74e0c4d6bf9fc939771d94b2f6dd97de34024","v0.0.171","1.0-SqNxt-23","1803.10615","in1k",224,0.875,200,NA
"sqnxt23v5_w1",921816,1785,"2fe3ad67d73313193a77690b10c17cbceef92340","v0.0.172","1.0-SqNxt-23v5","1803.10615","in1k",224,0.875,200,NA
"sqnxt23_w3d2",1511824,1350,"c2f21bce669dbe50fba544bcc39bc1302f63e1e8","v0.0.210","1.5-SqNxt-23","1803.10615","in1k",224,0.875,200,NA
"sqnxt23v5_w3d2",1953616,1301,"c244844ba2f02dadd350dddd74e21360b452f9dd","v0.0.212","1.5-SqNxt-23v5","1803.10615","in1k",224,0.875,200,NA
"sqnxt23_w2",2583752,1100,"b9bb7302824f89f16e078f0a506e3a8c0ad9c74e","v0.0.240","2.0-SqNxt-23","1803.10615","in1k",224,0.875,200,NA
"sqnxt23v5_w2",3366344,1066,"229b0d3de06197e399eeebf42dc826b78f0aba86","v0.0.216","2.0-SqNxt-23v5","1803.10615","in1k",224,0.875,200,NA
"shufflenet_g1_wd4",209746,3729,"47dbd0f279da6d3056079bb79ad39cabbb3b9415","v0.0.134","ShuffleNet x0.25 (g=1)","1707.01083","in1k",224,0.875,200,NA
"shufflenet_g3_wd4",305902,3653,"6abdd65e087e71f80345415cdf7ada6ed2762d60","v0.0.135","ShuffleNet x0.25 (g=3)","1707.01083","in1k",224,0.875,200,NA
"shufflenet_g1_wd2",534484,2261,"dae4bdadd7d48bee791dff2a08cd697cff0e9320","v0.0.174","ShuffleNet x0.5 (g=1)","1707.01083","in1k",224,0.875,200,NA
"shufflenet_g3_wd2",718324,2080,"ccaacfc8d9ac112c6143269df6e258fd55b662a7","v0.0.167","ShuffleNet x0.5 (g=3)","1707.01083","in1k",224,0.875,200,NA
"shufflenet_g1_w3d4",975214,1711,"161cd24aa0b2e2afadafa69b44a28af222f2ec7a","v0.0.218","ShuffleNet x0.75 (g=1)","1707.01083","in1k",224,0.875,200,NA
"shufflenet_g3_w3d4",1238266,1650,"3f3b0aef0ce3174c78ff42cf6910c6e34540fc41","v0.0.219","ShuffleNet x0.75 (g=3)","1707.01083","in1k",224,0.875,200,NA
"shufflenet_g1_w1",1531936,1389,"4cfb65a30761fe548e0b5afbb5d89793ec41e4e9","v0.0.223","ShuffleNet x1.0 (g=1)","1707.01083","in1k",224,0.875,200,NA
"shufflenet_g2_w1",1733848,1363,"07256203e217a7b31f1c69a5bd38a6674bce75bc","v0.0.241","ShuffleNet x1.0 (g=2)","1707.01083","in1k",224,0.875,200,NA
"shufflenet_g3_w1",1865728,1348,"ce54f64ecff87556a4303380f46abaaf649eb308","v0.0.244","ShuffleNet x1.0 (g=3)","1707.01083","in1k",224,0.875,200,NA
"shufflenet_g4_w1",1968344,1335,"e2415f8270a4b6cbfe7dc97044d497edbc898577","v0.0.245","ShuffleNet x1.0 (g=4)","1707.01083","in1k",224,0.875,200,NA
"shufflenet_g8_w1",2434768,1342,"9a979b365424addba75c559a61a77ac7154b26eb","v0.0.250","ShuffleNet x1.0 (g=8)","1707.01083","in1k",224,0.875,200,NA
"shufflenetv2_wd2",1366792,1865,"9c22238b5fa9c09541564e8ed7f357a5f7e8cd7c","v0.0.90","ShuffleNetV2 x0.5","1807.11164","in1k",224,0.875,200,NA
"shufflenetv2_w1",2278604,1163,"c71dfb7a814c8d8ef704bdbd80995e9ea49ff4ff","v0.0.133","ShuffleNetV2 x1.0","1807.11164","in1k",224,0.875,200,NA
"shufflenetv2_w3d2",4406098,0942,"26a9230405d956643dcd563a5a383844c49b5907","v0.0.288","ShuffleNetV2 x1.5","1807.11164","in1k",224,0.875,200,NA
"shufflenetv2_w2",7601686,0845,"337255f6ad40a93c2f23fc593bad4b2755a327fa","v0.0.301","ShuffleNetV2 x2.0","1807.11164","in1k",224,0.875,200,NA
"shufflenetv2b_wd2",1366792,1822,"01d18d6fa1a6136f605a4277f47c9a757f9ede3b","v0.0.157","ShuffleNetV2b x0.5","1807.11164","in1k",224,0.875,200,NA
"shufflenetv2b_w1",2279760,1125,"6a5d3dc446e6a00cf60fe8aa2f4139d74d766305","v0.0.161","ShuffleNetV2b x1.0","1807.11164","in1k",224,0.875,200,NA
"shufflenetv2b_w3d2",4410194,0911,"f2106fee0748d7f0d40db16b228782b6d7636737","v0.0.203","ShuffleNetV2b x1.5","1807.11164","in1k",224,0.875,200,NA
"shufflenetv2b_w2",7611290,0834,"cb36b92ca4ca3bee470b739021d01177e0601c5f","v0.0.242","ShuffleNetV2b x2.0","1807.11164","in1k",224,0.875,200,NA
"menet108_8x1_g3",654516,2076,"6acc82e46dfc1ce0dd8c59668aed4a464c8cbdb5","v0.0.89","108-MENet-8x1 (g=3)","1803.09127","in1k",224,0.875,200,NA
"menet128_8x1_g4",750796,1959,"48fa80fc363adb88ff580788faa8053c9d7507f3","v0.0.103","128-MENet-8x1 (g=4)","1803.09127","in1k",224,0.875,200,NA
"menet160_8x1_g8",850120,2084,"0f4fce43b4234c5bca5dd76450b698c2d4daae65","v0.0.154","160-MENet-8x1 (g=8)","1803.09127","in1k",224,0.875,200,NA
"menet228_12x1_g3",1806568,1316,"5b670c42031d0078e2ae981829358d7c1b92ee30","v0.0.131","228-MENet-12x1 (g=3)","1803.09127","in1k",224,0.875,200,NA
"menet256_12x1_g4",1888240,1252,"14c6c86df96435c693eb7d0fcd8d3bf4079dd621","v0.0.152","256-MENet-12x1 (g=4)","1803.09127","in1k",224,0.875,200,NA
"menet348_12x1_g3",3368128,0958,"ad50f635a1f7b799a19a0a9c71aa9939db8ffe77","v0.0.173","348-MENet-12x1 (g=3)","1803.09127","in1k",224,0.875,200,NA
"menet352_12x1_g8",2272872,1200,"4ee200c5c98c64a2503cea82ebf62d1d3c07fb91","v0.0.198","352-MENet-12x1 (g=8)","1803.09127","in1k",224,0.875,200,NA
"menet456_24x1_g3",5304784,0799,"826c002244f1cdc945a95302b1ce5c66d949db74","v0.0.237","456-MENet-24x1 (g=3)","1803.09127","in1k",224,0.875,200,NA
"mobilenet_wd4",470072,2249,"1ad5e8fe8674cdf7ffda8450095eb96d227397e0","v0.0.62","MobileNet x0.25","1704.04861","in1k",224,0.875,200,NA
"mobilenet_wd2",1331592,1355,"41a21242c95050407df876cfa44bb5d3676aa751","v0.0.156","MobileNet x0.5","1704.04861","in1k",224,0.875,200,NA
"mobilenet_w3d4",2585560,1076,"d801bcaea83885b16a0306b8b77fe314bbc585c3","v0.0.130","MobileNet x0.75","1704.04861","in1k",224,0.875,200,NA
"mobilenet_w1",4231976,0895,"7e1d739f0fd4b95c16eef077c5dc0a5bb1da8ad5","v0.0.155","MobileNet x1.0","1704.04861","in1k",224,0.875,200,NA
"mobilenetb_wd4",467592,2201,"428da928e43ecc387763bea8faa8ccc51244cb0e","v0.0.481","MobileNet(B) x0.25","1704.04861","in1k",224,0.875,200,NA
"mobilenetb_wd2",1326632,1310,"d1549ead8d09cc81f8a1542952a8a30fa937caee","v0.0.480","MobileNet(B) x0.5","1704.04861","in1k",224,0.875,200,NA
"mobilenetb_w3d4",2578120,1037,"8d732bc9e6f5326ce1f31ce836623ac0970f1e16","v0.0.481","MobileNet(B) x0.75","1704.04861","in1k",224,0.875,200,NA
"mobilenetb_w1",4222056,0816,"107275a1173b201634cca077dd126a550bc99dae","v0.0.489","MobileNet(B) x1.0","1704.04861","in1k",224,0.875,200,NA
"fdmobilenet_wd4",383160,3098,"2b22b709a05d7ca6e43acc6f3a9f27d0eb2e01cd","v0.0.177","FD-MobileNet x0.25","1802.0375","in1k",224,0.875,200,NA
"fdmobilenet_wd2",993928,2015,"414dbeedb2f829dcd8f94cd7fef10aae6829f06f","v0.0.83","FD-MobileNet x0.5","1802.0375","in1k",224,0.875,200,NA
"fdmobilenet_w3d4",1833304,1641,"5561d58aa8889d8d93f2062a2af4e4b35ad7e769","v0.0.159","FD-MobileNet x0.75","1802.0375","in1k",224,0.875,200,NA
"fdmobilenet_w1",2901288,1338,"9d026c04112de9f40e15fa40457d77941443c327","v0.0.162","FD-MobileNet x1.0","1802.0375","in1k",224,0.875,200,NA
"mobilenetv2_wd4",1516392,2451,"05e1e3a286b27c17ea11928783c4cd48b1e7a9b2","v0.0.137","MobileNetV2 x0.25","1801.04381","in1k",224,0.875,200,NA
"mobilenetv2_wd2",1964736,1493,"b82d79f6730eac625e6b55b0618bff8f7a1ed86d","v0.0.170","MobileNetV2 x0.5","1801.04381","in1k",224,0.875,200,NA
"mobilenetv2_w3d4",2627592,1082,"8656de5a8d90b29779c35c5ce521267c841fd717","v0.0.230","MobileNetV2 x0.75","1801.04381","in1k",224,0.875,200,NA
"mobilenetv2_w1",3504960,0887,"13a021bca5b679b76156829743f7182da42e8bb6","v0.0.213","MobileNetV2 x1.0","1801.04381","in1k",224,0.875,200,NA
"mobilenetv2b_wd4",1516312,2368,"399f95e6cb3c15d57516c1d328201a0af3de5882","v0.0.483","MobileNetV2b x0.25","1801.04381","in1k",224,0.875,200,NA
"mobilenetv2b_wd2",1964448,1408,"f820ea858dd7be1bbe0ca4639581911d98183cde","v0.0.486","MobileNetV2b x0.5","1801.04381","in1k",224,0.875,200,NA
"mobilenetv2b_w3d4",2626968,1105,"0924efc9ca677d2bccfe3987b1e0e1e47afe69e8","v0.0.483","MobileNetV2b x0.75","1801.04381","in1k",224,0.875,200,NA
"mobilenetv2b_w1",3503872,0912,"2bcab1d0cd3be4eb270d65e390ff7c9776e38a04","v0.0.483","MobileNetV2b x1.0","1801.04381","in1k",224,0.875,200,NA
"mobilenetv3_small_w7d20",2159600,NA,NA,NA,"MobileNetV3 S/224/0.35","1905.02244","in1k",224,0.875,200,NA
"mobilenetv3_small_wd2",2288976,NA,NA,NA,"MobileNetV3 S/224/0.5","1905.02244","in1k",224,0.875,200,NA
"mobilenetv3_small_w3d4",2581312,NA,NA,NA,"MobileNetV3 S/224/0.75","1905.02244","in1k",224,0.875,200,NA
"mobilenetv3_small_w1",2945288,NA,NA,NA,"MobileNetV3 S/224/1.0","1905.02244","in1k",224,0.875,200,NA
"mobilenetv3_small_w5d4",3643632,NA,NA,NA,"MobileNetV3 S/224/1.25","1905.02244","in1k",224,0.875,200,NA
"mobilenetv3_large_w7d20",2943080,NA,NA,NA,"MobileNetV3 L/224/0.35","1905.02244","in1k",224,0.875,200,NA
"mobilenetv3_large_wd2",3334896,NA,NA,NA,"MobileNetV3 L/224/0.5","1905.02244","in1k",224,0.875,200,NA
"mobilenetv3_large_w3d4",4263496,NA,NA,NA,"MobileNetV3 L/224/0.75","1905.02244","in1k",224,0.875,200,NA
"mobilenetv3_large_w1",5481752,0744,"b59cae6daf1edc5f412fcd794693bb22dc3d4573","v0.0.491","MobileNetV3 L/224/1.0","1905.02244","in1k",224,0.875,200,NA
"mobilenetv3_large_w5d4",7459144,NA,NA,NA,"MobileNetV3 L/224/1.25","1905.02244","in1k",224,0.875,200,NA
"igcv3_wd4",1534020,2871,"c9f28301391601e5e8ae93139431a9e0d467317c","v0.0.142","IGCV3 x0.25","1806.00178","in1k",224,0.875,200,NA
"igcv3_wd2",1985528,1732,"8c504f443283d8a32787275b23771082fcaab61b","v0.0.132","IGCV3 x0.5","1806.00178","in1k",224,0.875,200,NA
"igcv3_w3d4",2638084,1140,"63f43cf8d334111d55d06f2f9bf7e1e4871d162c","v0.0.207","IGCV3 x0.75","1806.00178","in1k",224,0.875,200,NA
"igcv3_w1",3491688,0920,"12385791681f09adb3a08926c95471f332f538b6","v0.0.243","IGCV3 x1.0","1806.00178","in1k",224,0.875,200,NA
"mnasnet_small",2030264,NA,NA,NA,"MnasNet-Small","1807.11626","in1k",224,0.875,200,NA
"mnasnet_b1",4383312,0740,"7025b43c5c0251980ada2c591dd3e7e28d856e79","v0.0.493","MnasNet-B1","1807.11626","in1k",224,0.875,200,NA
"mnasnet_a1",3887038,0720,"e155916ce24d06e273e8f90540707bcb7e1f9eab","v0.0.486","MnasNet-A1","1807.11626","in1k",224,0.875,200,NA
"darts",4718752,0775,"fc3171c5b89b270fc7673dbbb5047f5879d7e774","v0.0.485","DARTS","1806.09055","in1k",224,0.875,200,"[quark0/darts]"
"proxylessnas_cpu",4361648,0761,"fe9572b11899395acbeef9374827dcc04e103ce3","v0.0.304","ProxylessNAS CPU","1812.00332","in1k",224,0.875,200,"[MIT-HAN-LAB/ProxylessNAS]"
"proxylessnas_gpu",7119848,0745,"acca5941c454d896410060434b8f983d2db80727","v0.0.333","ProxylessNAS GPU","1812.00332","in1k",224,0.875,200,NA
"proxylessnas_mobile",4080512,0780,"639a90c27de088402db76b09e410326795b6fbdd","v0.0.304","ProxylessNAS Mobile","1812.00332","in1k",224,0.875,200,"[MIT-HAN-LAB/ProxylessNAS]"
"proxylessnas_mobile14",6857568,0662,"0c0ad983f4fb88470d0f3e557d0b23f15e16624f","v0.0.331","ProxylessNAS Mob-14","1812.00332","in1k",224,0.875,200,NA
"fbnet_cb",5572200,0762,"2edb61f8e4b5c45d958d0e57beff41fbfacd6061","v0.0.415","FBNet-Cb","1812.03443","in1k",224,0.875,200,"[rwightman/pyt...models]"
"xception",22855952,0516,"a75b50eceb5fdfb1e1bfaada6820a448ce40e593","v0.0.544","Xception","1610.02357","in1k",299,0.875,200,NA
"inceptionv3",23834568,0533,"025fb71c673f8e325f4c24f25cbd4185540cca72","v0.0.552","InceptionV3","1512.00567","in1k",299,0.875,200,NA
"inceptionv4",42679816,0488,"4ae4f331a5ff649e39626fc49cd5c24b8159cd8c","v0.0.543","InceptionV4","1602.07261","in1k",299,0.875,200,NA
"inceptionresnetv1",23995624,0480,"f8b3e9e369ff38e28b4ae4def273ef78741e2e28","v0.0.552","InceptionResNetV1","1602.07261","in1k",299,0.875,200,NA
"inceptionresnetv2",55843464,0474,"19f51781f8a454803207e319289f404d50e252cb","v0.0.547","InceptionResNetV2","1602.07261","in1k",299,0.875,200,NA
"polynet",95366600,0452,"6a1b295dad3f261b48e845f1b283e4eef3ab5a0b","v0.0.96","PolyNet","1611.05725","in1k",331,0.875,200,"[Cadene/pretrained...pytorch]"
"nasnet_4a1056",5289978,0803,"44f5ecbe03da2cd21803c555366121e29b207907","v0.0.495","NASNet-A 4@1056","1707.07012","in1k",224,0.875,200,NA
"nasnet_6a4032",88753150,0421,"f354d28f4acdde399e081260c3f46152eca5d27e","v0.0.101","NASNet-A 6@4032","1707.07012","in1k",331,0.875,200,"[Cadene/pretrained...pytorch]"
"pnasnet5large",86057668,0428,"65de46ebd049e494c13958d5671aba5abf803ff3","v0.0.114","PNASNet-5-Large","1712.00559","in1k",331,0.875,200,"[Cadene/pretrained...pytorch]"
"spnasnet",4421616,0798,"a25ca15768d91c0c09b473352bf54a2b954257d4","v0.0.490","SPNASNet","1904.02877","in1k",224,0.875,200,NA
"efficientnet_b0",5288548,0752,"0e3861300b8f1d1d0fb1bd15f0e06bba1ad6309b","v0.0.364","EfficientNet-B0","1905.11946","in1k",224,0.875,200,NA
"efficientnet_b1",7794184,0638,"ac77bcd722dc4f3edfa24b9fb7b8f9cece3d85ab","v0.0.376","EfficientNet-B1","1905.11946","in1k",240,0.882,200,NA
"efficientnet_b2",9109994,NA,NA,NA,"EfficientNet-B2","1905.11946","in1k",260,0.89,100,NA
"efficientnet_b3",12233232,NA,NA,NA,"EfficientNet-B3","1905.11946","in1k",300,0.904,90,NA
"efficientnet_b4",19341616,NA,NA,NA,"EfficientNet-B4","1905.11946","in1k",380,0.922,80,NA
"efficientnet_b5",30389784,NA,NA,NA,"EfficientNet-B5","1905.11946","in1k",456,0.934,70,NA
"efficientnet_b6",43040704,NA,NA,NA,"EfficientNet-B6","1905.11946","in1k",528,0.942,60,NA
"efficientnet_b7",66347960,NA,NA,NA,"EfficientNet-B7","1905.11946","in1k",600,0.949,50,NA
"efficientnet_b0b",5288548,0702,"ecf61b9b50666a6b444a9d789a5ff1087c65d0d8","v0.0.403","EfficientNet-B0b","1905.11946","in1k",224,0.875,200,"[rwightman/pyt...models]"
"efficientnet_b1b",7794184,0594,"614e81663902850a738fa6c862fe406ecf205f73","v0.0.403","EfficientNet-B1b","1905.11946","in1k",240,0.882,200,"[rwightman/pyt...models]"
"efficientnet_b2b",9109994,0527,"531f10e6898778b7c3a82c2c149f8b3e6393a892","v0.0.403","EfficientNet-B2b","1905.11946","in1k",260,0.89,100,"[rwightman/pyt...models]"
"efficientnet_b3b",12233232,0445,"3c5fbba8c86121d4bc3bbc169804f24dd4c3d1f6","v0.0.403","EfficientNet-B3b","1905.11946","in1k",300,0.904,90,"[rwightman/pyt...models]"
"efficientnet_b4b",19341616,0389,"6305bfe688b261f0d4fef6829f520d5c98c46301","v0.0.403","EfficientNet-B4b","1905.11946","in1k",380,0.922,80,"[rwightman/pyt...models]"
"efficientnet_b5b",30389784,0337,"e1c2ffcf710cbd3c53b9c08723282a370906731c","v0.0.403","EfficientNet-B5b","1905.11946","in1k",456,0.934,70,"[rwightman/pyt...models]"
"efficientnet_b6b",43040704,0323,"e5c1d7c35fcff5fac07921a7696f7c04aba84012","v0.0.403","EfficientNet-B6b","1905.11946","in1k",528,0.942,60,"[rwightman/pyt...models]"
"efficientnet_b7b",66347960,0322,"b9c5965a1e2572aaa772e20e8a2e3af7b4bee9a6","v0.0.403","EfficientNet-B7b","1905.11946","in1k",600,0.949,50,"[rwightman/pyt...models]"
"efficientnet_b0c",5288548,0675,"21778c6e3b5a1b9b08b60c3e69401ce7e12bead4","v0.0.433","EfficientNet-B0с","1905.11946","in1k",224,0.875,200,"[rwightman/pyt...models]*"
"efficientnet_b1c",7794184,0569,"239ed6a412530f60f810b29807da70c8ca63d8cc","v0.0.433","EfficientNet-B1с","1905.11946","in1k",240,0.882,200,"[rwightman/pyt...models]*"
"efficientnet_b2c",9109994,0503,"be48d3d79f25a13a807b137d8a7ced41e8aab2bf","v0.0.433","EfficientNet-B2с","1905.11946","in1k",260,0.89,100,"[rwightman/pyt...models]*"
"efficientnet_b3c",12233232,0442,"ea7080aba3fc20ac25c3c925bfadf1e8c1e7df4d","v0.0.433","EfficientNet-B3с","1905.11946","in1k",300,0.904,90,"[rwightman/pyt...models]*"
"efficientnet_b4c",19341616,0369,"5954cc05cfba3b0c8ee488b4488354fc0cef6623","v0.0.433","EfficientNet-B4с","1905.11946","in1k",380,0.922,80,"[rwightman/pyt...models]*"
"efficientnet_b5c",30389784,0310,"589fefc6de5d93b54698b5b03f1e05637f9d0cb6","v0.0.433","EfficientNet-B5с","1905.11946","in1k",456,0.934,70,"[rwightman/pyt...models]*"
"efficientnet_b6c",43040704,0296,"546e61da82bec69e3db5870b8df977e4615f7b32","v0.0.433","EfficientNet-B6с","1905.11946","in1k",528,0.942,60,"[rwightman/pyt...models]*"
"efficientnet_b7c",66347960,0288,"13d683f2ca56c1007acd9ad0be450f45efeec828","v0.0.433","EfficientNet-B7с","1905.11946","in1k",600,0.949,50,"[rwightman/pyt...models]*"
"efficientnet_b8c",87413142,0276,"a9973d66d599c4e83029577842c039a20799f2c9","v0.0.433","EfficientNet-B8с","1905.11946","in1k",672,0.954,50,"[rwightman/pyt...models]*"
"efficientnet_edge_small_b",5438392,0640,"e27c3444406ebddd86824e41a924c0b8188c4067","v0.0.434","EfficientNet-Edge-Small-b","1905.11946","in1k",224,0.875,200,"[rwightman/pyt...models]*"
"efficientnet_edge_medium_b",6899496,0563,"99fa34c7044281e521fb7cf4267763a5b03b7f1c","v0.0.434","EfficientNet-Edge-Medium-b","1905.11946","in1k",240,0.882,200,"[rwightman/pyt...models]*"
"efficientnet_edge_large_b",10589712,0491,"d502326f9568f096491354a117f12562cf47e038","v0.0.434","EfficientNet-Edge-Large-b","1905.11946","in1k",300,0.904,90,"[rwightman/pyt...models]*"
"mixnet_s",4134606,0717,"ab2c4e37062e7ea34a2cdd112f9354d4e67a0fef","v0.0.493","MixNet-S","1907.09595","in1k",224,0.875,200,NA
"mixnet_m",5014382,0647,"4d90d345a38ba5041ac5cae2921e07d1eca083b2","v0.0.493","MixNet-M","1907.09595","in1k",224,0.875,200,NA
"mixnet_l",7329252,0571,"c686ba17fc6bca5f30ac596b37a7f95f2d4b6f30","v0.0.500","MixNet-L","1907.09595","in1k",224,0.875,200,NA
"resneta10",5438024,1190,"a066e5e07f13f8f2a67971931496d1c1ac09bbe1","v0.0.484","ResNet(A)-10",NA,"in1k",NA,NA,NA,NA
"resnetabc14b",10084168,0990,"bad51cb083aae58479112ad11a3fe9430346e185","v0.0.477","ResNet(A)-BC-14b",NA,"in1k",NA,NA,NA,NA
"resneta18",11708744,0831,"e9f206f480c46b489fbd300fa77db31d740c4f3b","v0.0.486","ResNet(A)-18",NA,"in1k",NA,NA,NA,NA
"resneta50b",25576264,0556,"7cedbb3bd808c0644b4afe1d52e7dad6abd33516","v0.0.492","ResNet(A)-50b",NA,"in1k",NA,NA,NA,NA
"resneta101b",44568392,0453,"0f342545d0ef4f215efc391fd24fa395b2573a1d","v0.0.532","ResNet(A)-101b",NA,"in1k",NA,NA,NA,NA
"resneta152b",60212040,0441,"c4b9bc9af946b25fd37de8cf4c58bdb0066dfeae","v0.0.524","ResNet(A)-152b",NA,"in1k",NA,NA,NA,NA
"resnetd50b",25680808,0565,"ec03d815c0f016c6517ed7b4b40126af46ceb8a4","v0.0.296",NA,NA,"in1k",NA,NA,NA,NA
"resnetd101b",44672936,0473,"f851c920ec1fe4f729d339c933535d038bf2903c","v0.0.296",NA,NA,"in1k",NA,NA,NA,NA
"resnetd152b",60316584,0482,"112e216da50eb20d52c509a28c97b05ef819cefe","v0.0.296",NA,NA,"in1k",NA,NA,NA,NA
"nin_cifar10",966986,0743,"795b082470b58c1aa94e2f861514b7914f6e2f58","v0.0.175",NA,NA,"cf",NA,NA,NA,NA
"nin_cifar100",984356,2839,"627a11c064eb44c6451fe53e0becfc21a6d57d7f","v0.0.183",NA,NA,"cf",NA,NA,NA,NA
"nin_svhn",966986,0376,"1205dc06a4847bece8159754033f325f75565c02","v0.0.270",NA,NA,"cf",NA,NA,NA,NA
"resnet20_cifar10",272474,0597,"9b0024ac4c2f374cde2c5052e0d0344a75871cdb","v0.0.163",NA,NA,"cf",NA,NA,NA,NA
"resnet20_cifar100",278324,2964,"a5322afed92fa96cb7b3453106f73cf38e316151","v0.0.180",NA,NA,"cf",NA,NA,NA,NA
"resnet20_svhn",272474,0343,"8232e6e4c2c9fac1200386b68311c3bd56f483f5","v0.0.265",NA,NA,"cf",NA,NA,NA,NA
"resnet56_cifar10",855770,0452,"628c42a26fe347b84060136212e018df2bb35e0f","v0.0.163",NA,NA,"cf",NA,NA,NA,NA
"resnet56_cifar100",861620,2488,"d65f53b10ad5d124698e728432844c65261c3107","v0.0.181",NA,NA,"cf",NA,NA,NA,NA
"resnet56_svhn",855770,0275,"6e08ed929b8f0ee649f75464f06b557089023290","v0.0.265",NA,NA,"cf",NA,NA,NA,NA
"resnet110_cifar10",1730714,0369,"4d6ca1fc02eaeed724f4f596011e391528536049","v0.0.163",NA,NA,"cf",NA,NA,NA,NA
"resnet110_cifar100",1736564,2280,"d8d397a767db6d22af040223ec8ae342a088c3e5","v0.0.190",NA,NA,"cf",NA,NA,NA,NA
"resnet110_svhn",1730714,0245,"c971f0a38943d8a75386a60c835cc0843c2f6c1c","v0.0.265",NA,NA,"cf",NA,NA,NA,NA
"resnet164bn_cifar10",1704154,0368,"74ae9f4bccb7fb6a8f3f603fdabe8d8632c46b2f","v0.0.179",NA,NA,"cf",NA,NA,NA,NA
"resnet164bn_cifar100",1727284,2044,"8fa07b7264a075fa5add58f4c676b99a98fb1c89","v0.0.182",NA,NA,"cf",NA,NA,NA,NA
"resnet164bn_svhn",1704154,0242,"549413723d787cf7e96903427a7a14fb3ea1a4c1","v0.0.267",NA,NA,"cf",NA,NA,NA,NA
"resnet272bn_cifar10",2816986,0333,"84f28e0ca97eaeae0eb07e9f76054c1ba0c77c0e","v0.0.368",NA,NA,"cf",NA,NA,NA,NA
"resnet272bn_cifar100",2840116,2007,"a80d2b3ce14de6c90bf22d210d76ebd4a8c91928","v0.0.368",NA,NA,"cf",NA,NA,NA,NA
"resnet272bn_svhn",2816986,0243,"ab1d7da51f52cc6acb2e759736f2d58a77ce895e","v0.0.368",NA,NA,"cf",NA,NA,NA,NA
"resnet542bn_cifar10",5599066,0343,"0fd36dd16587f49d33e0e36f1e8596d021a11439","v0.0.369",NA,NA,"cf",NA,NA,NA,NA
"resnet542bn_cifar100",5622196,1932,"a631d3ce5f12e145637a7b2faee663cddc94c354","v0.0.369",NA,NA,"cf",NA,NA,NA,NA
"resnet542bn_svhn",5599066,0234,"04396c973121e356f2efda9a28c4e4086f1511b2","v0.0.369",NA,NA,"cf",NA,NA,NA,NA
"resnet1001_cifar10",10328602,0328,"77a179e240808b7aa3534230d39b845a62413ca2","v0.0.201",NA,NA,"cf",NA,NA,NA,NA
"resnet1001_cifar100",10351732,1979,"2728b558748f9c3e70db179afb6c62358020858b","v0.0.254",NA,NA,"cf",NA,NA,NA,NA
"resnet1001_svhn",10328602,0241,"9e3d4bb55961db4c0f46a961b5323a4e03aea602","v0.0.408",NA,NA,"cf",NA,NA,NA,NA
"resnet1202_cifar10",19424026,0353,"1d5a21290117903fb5fd6ba59f3f7e7da7c08836","v0.0.214",NA,NA,"cf",NA,NA,NA,NA
"resnet1202_cifar100",19429876,2156,"86ecd091e5ac9677bf4518c644d08eb3e1d1708a","v0.0.410",NA,NA,"cf",NA,NA,NA,NA
"preresnet20_cifar10",272282,0651,"76cec68d11de5b25be2ea5935681645b76195f1d","v0.0.164",NA,NA,"cf",NA,NA,NA,NA
"preresnet20_cifar100",278132,3022,"3dbfa6a2b850572bccb28cc2477a0e46c24abcb8","v0.0.187",NA,NA,"cf",NA,NA,NA,NA
"preresnet20_svhn",272282,0322,"c3c00fed49c1d6d9deda6436d041c5788d549299","v0.0.269",NA,NA,"cf",NA,NA,NA,NA
"preresnet56_cifar10",855578,0449,"e9124fcf167d8ca50addef00c3afa4da9f828f29","v0.0.164",NA,NA,"cf",NA,NA,NA,NA
"preresnet56_cifar100",861428,2505,"ca90a2be6002cd378769b9d4e7c497dd883d31d9","v0.0.188",NA,NA,"cf",NA,NA,NA,NA
"preresnet56_svhn",855578,0280,"b51b41476710c0e2c941356ffe992ff883a3ee87","v0.0.269",NA,NA,"cf",NA,NA,NA,NA
"preresnet110_cifar10",1730522,0386,"cc08946a2126a1224d1d2560a47cf766a763c52c","v0.0.164",NA,NA,"cf",NA,NA,NA,NA
"preresnet110_cifar100",1736372,2267,"3954e91581b7f3e5f689385d15f618fe16e995af","v0.0.191",NA,NA,"cf",NA,NA,NA,NA
"preresnet110_svhn",1730522,0279,"aa49e0a3c4a918e227ca2d5a5608704f026134c3","v0.0.269",NA,NA,"cf",NA,NA,NA,NA
"preresnet164bn_cifar10",1703258,0364,"429012d412e82df7961fa071f97c938530e1b005","v0.0.196",NA,NA,"cf",NA,NA,NA,NA
"preresnet164bn_cifar100",1726388,2018,"a8e67ca6e14f88b009d618b0e9b554312d862174","v0.0.192",NA,NA,"cf",NA,NA,NA,NA
"preresnet164bn_svhn",1703258,0258,"94d42de440d5f057a38f4c8cdbdb24acfee3981c","v0.0.269",NA,NA,"cf",NA,NA,NA,NA
"preresnet272bn_cifar10",2816090,0325,"1a6a016eb4e4a5549c1fcb89ed5af4c1e5715b72","v0.0.389",NA,NA,"cf",NA,NA,NA,NA
"preresnet272bn_cifar100",2839220,1963,"6fe0d2e24a60d12ab6b3d0e46065e2f14a46bc0b","v0.0.389",NA,NA,"cf",NA,NA,NA,NA
"preresnet272bn_svhn",2816090,0234,"c04ef5c20a53f76824339fe75185d181be4bce61","v0.0.389",NA,NA,"cf",NA,NA,NA,NA
"preresnet542bn_cifar10",5598170,0314,"66fd6f2033dff08428e586bcce3e5151ed4274f9","v0.0.391",NA,NA,"cf",NA,NA,NA,NA
"preresnet542bn_cifar100",5621300,1871,"07f1fb258207d295789981519e8dab892fc08f8d","v0.0.391",NA,NA,"cf",NA,NA,NA,NA
"preresnet542bn_svhn",5598170,0236,"6bdf92368873ce1288526dc405f15e689a1d3117","v0.0.391",NA,NA,"cf",NA,NA,NA,NA
"preresnet1001_cifar10",10327706,0265,"9fedfe5fd643e7355f1062a6db68da310c8962be","v0.0.209",NA,NA,"cf",NA,NA,NA,NA
"preresnet1001_cifar100",10350836,1841,"88f14ed9df1573e98b0ec2a07009a15066855fda","v0.0.283",NA,NA,"cf",NA,NA,NA,NA
"preresnet1001_svhn",10327706,NA,NA,NA,NA,NA,"cf",NA,NA,NA,NA
"preresnet1202_cifar10",19423834,0339,"6fc686b02191226f39e25a76fc5da26857f7acd9","v0.0.246",NA,NA,"cf",NA,NA,NA,NA
"preresnet1202_cifar100",19429684,NA,NA,NA,NA,NA,"cf",NA,NA,NA,NA
"preresnet1202_svhn",19423834,NA,NA,NA,NA,NA,"cf",NA,NA,NA,NA
"resnext20_16x4d_cifar10",1995082,NA,NA,NA,NA,NA,"cf",NA,NA,NA,NA
"resnext20_16x4d_cifar100",2087332,NA,NA,NA,NA,NA,"cf",NA,NA,NA,NA
"resnext20_16x4d_svhn",1995082,NA,NA,NA,NA,NA,"cf",NA,NA,NA,NA
"resnext20_32x2d_cifar10",1946698,NA,NA,NA,NA,NA,"cf",NA,NA,NA,NA
"resnext20_32x2d_cifar100",2038948,NA,NA,NA,NA,NA,"cf",NA,NA,NA,NA
"resnext20_32x2d_svhn",1946698,NA,NA,NA,NA,NA,"cf",NA,NA,NA,NA
"resnext20_32x4d_cifar10",3295562,NA,NA,NA,NA,NA,"cf",NA,NA,NA,NA
"resnext20_32x4d_cifar100",3387812,NA,NA,NA,NA,NA,"cf",NA,NA,NA,NA
"resnext20_32x4d_svhn",3295562,NA,NA,NA,NA,NA,"cf",NA,NA,NA,NA
"resnext29_32x4d_cifar10",4775754,0315,"30413525cd4466dbef759294eda9b702bc39648f","v0.0.169",NA,NA,"cf",NA,NA,NA,NA
"resnext29_32x4d_cifar100",4868004,1950,"13ba13d92f6751022549a3b370ae86d3b13ae2d1","v0.0.200",NA,NA,"cf",NA,NA,NA,NA
"resnext29_32x4d_svhn",4775754,0280,"e85c5217944cdfafb0a538dd7cc817cffaada7c4","v0.0.275",NA,NA,"cf",NA,NA,NA,NA
"resnext29_16x64d_cifar10",68155210,0241,"4133d3d04f9b10b132dcb959601d36f10123f8c2","v0.0.176",NA,NA,"cf",NA,NA,NA,NA
"resnext29_16x64d_cifar100",68247460,1693,"05e9a7f113099a98b219cad622ecfad5517a3b54","v0.0.322",NA,NA,"cf",NA,NA,NA,NA
"resnext29_16x64d_svhn",68155210,0268,"74332b714cd278bfca3f09dafe2a9d117510e9a4","v0.0.358",NA,NA,"cf",NA,NA,NA,NA
"resnext272_1x64d_cifar10",44540746,0255,"070ccc35c2841b7715b9eb271197c9bb316f3093","v0.0.372",NA,NA,"cf",NA,NA,NA,NA
"resnext272_1x64d_cifar100",44632996,1911,"114eb0f8a0d471487e819b8fd156c1286ef91b7a","v0.0.372",NA,NA,"cf",NA,NA,NA,NA
"resnext272_1x64d_svhn",44540746,0235,"ab0448469bbd7d476f8bed1bf86403304b028e7c","v0.0.372",NA,NA,"cf",NA,NA,NA,NA
"resnext272_2x32d_cifar10",32928586,0274,"d2ace03c413be7e42c839c84db8dd0ebb5d69512","v0.0.375",NA,NA,"cf",NA,NA,NA,NA
"resnext272_2x32d_cifar100",33020836,1834,"0b30c4701a719995412882409339f3553a54c9d1","v0.0.375",NA,NA,"cf",NA,NA,NA,NA
"resnext272_2x32d_svhn",32928586,0244,"39b8a33612d335a0193b867b38c0b09d168de6c3","v0.0.375",NA,NA,"cf",NA,NA,NA,NA
"seresnet20_cifar10",274847,0601,"935d89433e803c8a3027c81f1267401e7caccce6","v0.0.362",NA,NA,"cf",NA,NA,NA,NA
"seresnet20_cifar100",280697,2854,"8c7abf66d8c1418cb3ca760f5d1efbb42738036b","v0.0.362",NA,NA,"cf",NA,NA,NA,NA
"seresnet20_svhn",274847,0323,"d77df31c62d1504209a5ba47e59ccb0ae84500b2","v0.0.362",NA,NA,"cf",NA,NA,NA,NA
"seresnet56_cifar10",862889,0413,"b61c143989cb2901bec48dded4c6ddcae91aabc4","v0.0.362",NA,NA,"cf",NA,NA,NA,NA
"seresnet56_cifar100",868739,2294,"7fa54f4593f364c2363cb3ee8d5bc1285af1ade5","v0.0.362",NA,NA,"cf",NA,NA,NA,NA
"seresnet56_svhn",862889,0264,"93839c762a97bd0b5bd27c71fd64c227afdae3ed","v0.0.362",NA,NA,"cf",NA,NA,NA,NA
"seresnet110_cifar10",1744952,0363,"1ddec2309ff61c2c0e14c96d51a1b846afdc2acc","v0.0.362",NA,NA,"cf",NA,NA,NA,NA
"seresnet110_cifar100",1750802,2086,"a82c30938028a172dd6a124152bc0952b55a2f49","v0.0.362",NA,NA,"cf",NA,NA,NA,NA
"seresnet110_svhn",1744952,0235,"9572ba7394c774b8d056b24a7631ef47e53024b8","v0.0.362",NA,NA,"cf",NA,NA,NA,NA
"seresnet164bn_cifar10",1906258,0339,"1085dab6467cb18e554123663816094f080fc626","v0.0.362",NA,NA,"cf",NA,NA,NA,NA
"seresnet164bn_cifar100",1929388,1995,"97dd4ab630f6277cf7b07cbdcbf4ae8ddce4d401","v0.0.362",NA,NA,"cf",NA,NA,NA,NA
"seresnet164bn_svhn",1906258,0245,"af0a90a50fb3c91eef039178a681e69aae703f3a","v0.0.362",NA,NA,"cf",NA,NA,NA,NA
"seresnet272bn_cifar10",3153826,0339,"812db5187bab9aa5203611c1c174d0e51c81761c","v0.0.390",NA,NA,"cf",NA,NA,NA,NA
"seresnet272bn_cifar100",3176956,1907,"179e1c38ba714e1babf6c764ca735f256d4cd122","v0.0.390",NA,NA,"cf",NA,NA,NA,NA
"seresnet272bn_svhn",3153826,0238,"0e16badab35b483b1a1b0e7ea2a615de714f7424","v0.0.390",NA,NA,"cf",NA,NA,NA,NA
"seresnet542bn_cifar10",6272746,0347,"d1542214765f1923f2fdce810aef5dc2e523ffd2","v0.0.385",NA,NA,"cf",NA,NA,NA,NA
"seresnet542bn_cifar100",6295876,1887,"9c4e7623dc06a56edabf04f4427286916843df85","v0.0.385",NA,NA,"cf",NA,NA,NA,NA
"seresnet542bn_svhn",6272746,0226,"71a8f2986cbc1146f9a41d1a08ecba52649b8efd","v0.0.385",NA,NA,"cf",NA,NA,NA,NA
"seresnet1001_cifar10",11574910,NA,NA,NA,NA,NA,"cf",NA,NA,NA,NA
"seresnet1001_cifar100",11598040,NA,NA,NA,NA,NA,"cf",NA,NA,NA,NA
"seresnet1001_svhn",11574910,NA,NA,NA,NA,NA,"cf",NA,NA,NA,NA
"seresnet1202_cifar10",19582226,NA,NA,NA,NA,NA,"cf",NA,NA,NA,NA
"seresnet1202_cifar100",19588076,NA,NA,NA,NA,NA,"cf",NA,NA,NA,NA
"seresnet1202_svhn",19582226,NA,NA,NA,NA,NA,"cf",NA,NA,NA,NA
"sepreresnet20_cifar10",274559,0618,"eabb3fce8373cbeb412ced9a79a1e2f9c6c3689c","v0.0.379",NA,NA,"cf",NA,NA,NA,NA
"sepreresnet20_cifar100",280409,2831,"fe7558e0ae554d39d8761f234e8328262ee31efd","v0.0.379",NA,NA,"cf",NA,NA,NA,NA
"sepreresnet20_svhn",274559,0324,"061daa587dd483744d5b60d2fd3b2750130dd8a1","v0.0.379",NA,NA,"cf",NA,NA,NA,NA
"sepreresnet56_cifar10",862601,0451,"fc23e153ccfaddd52de61d77570a0befeee1e687","v0.0.379",NA,NA,"cf",NA,NA,NA,NA
"sepreresnet56_cifar100",868451,2305,"c4bdc5d7bbaa0d9f6e2ffdf2abe4808ad26d0f66","v0.0.379",NA,NA,"cf",NA,NA,NA,NA
"sepreresnet56_svhn",862601,0271,"c91e922f1b3d0ea634db8e467e9ab4a6b8dc7722","v0.0.379",NA,NA,"cf",NA,NA,NA,NA
"sepreresnet110_cifar10",1744664,0454,"418daea9d2253a3e9fbe4eb80eb4dcc6f29d5925","v0.0.379",NA,NA,"cf",NA,NA,NA,NA
"sepreresnet110_cifar100",1750514,2261,"ed7d3c3e51ed2ea9a827ed942e131c78784813b7","v0.0.379",NA,NA,"cf",NA,NA,NA,NA
"sepreresnet110_svhn",1744664,0259,"556909fd942d3a42e424215374b340680b705424","v0.0.379",NA,NA,"cf",NA,NA,NA,NA
"sepreresnet164bn_cifar10",1904882,0373,"ff353a2910f85db66d8afca0a4150176bcdc7a69","v0.0.379",NA,NA,"cf",NA,NA,NA,NA
"sepreresnet164bn_cifar100",1928012,2005,"df1163c4d9de72c53efc37758773cc943be7f055","v0.0.379",NA,NA,"cf",NA,NA,NA,NA
"sepreresnet164bn_svhn",1904882,0256,"f8dd4e06596841f0c7f9979fb566b9e57611522f","v0.0.379",NA,NA,"cf",NA,NA,NA,NA
"sepreresnet272bn_cifar10",3152450,0339,"606d096422394857cb1f45ecd7eed13508158a60","v0.0.379",NA,NA,"cf",NA,NA,NA,NA
"sepreresnet272bn_cifar100",3175580,1913,"cb71511346e441cbd36bacc93c821e8b6101456a","v0.0.379",NA,NA,"cf",NA,NA,NA,NA
"sepreresnet272bn_svhn",3152450,0249,"904d74a2622d870f8a2384f9e50a84276218acc3","v0.0.379",NA,NA,"cf",NA,NA,NA,NA
"sepreresnet542bn_cifar10",6271370,0308,"652bc8846cfac7a2ec6625789531897339800202","v0.0.382",NA,NA,"cf",NA,NA,NA,NA
"sepreresnet542bn_cifar100",6294500,1945,"9180f8632657bb8f7b6583e47d04ce85defa956c","v0.0.382",NA,NA,"cf",NA,NA,NA,NA
"sepreresnet542bn_svhn",6271370,0247,"318a8325afbfbaa8a35d54cbd1fa7da668ef1389","v0.0.382",NA,NA,"cf",NA,NA,NA,NA
"sepreresnet1001_cifar10",11573534,NA,NA,NA,NA,NA,"cf",NA,NA,NA,NA
"sepreresnet1001_cifar100",11596664,NA,NA,NA,NA,NA,"cf",NA,NA,NA,NA
"sepreresnet1001_svhn",11573534,NA,NA,NA,NA,NA,"cf",NA,NA,NA,NA
"sepreresnet1202_cifar10",19581938,NA,NA,NA,NA,NA,"cf",NA,NA,NA,NA
"sepreresnet1202_cifar100",19587788,NA,NA,NA,NA,NA,"cf",NA,NA,NA,NA
"sepreresnet1202_svhn",19581938,NA,NA,NA,NA,NA,"cf",NA,NA,NA,NA
"pyramidnet110_a48_cifar10",1772706,0372,"eb185645cda89e0c3c47b11c4b2d14ff18fa0ae1","v0.0.184",NA,NA,"cf",NA,NA,NA,NA
"pyramidnet110_a48_cifar100",1778556,2095,"95da1a209916b3cf4af7e8dc44374345a88c60f4","v0.0.186",NA,NA,"cf",NA,NA,NA,NA
"pyramidnet110_a48_svhn",1772706,0247,"d48bafbebaabe9a68e5924571752b3d7cd95d311","v0.0.281",NA,NA,"cf",NA,NA,NA,NA
"pyramidnet110_a84_cifar10",3904446,0298,"7b835a3cf19794478d478aced63ca9e855c3ffeb","v0.0.185",NA,NA,"cf",NA,NA,NA,NA
"pyramidnet110_a84_cifar100",3913536,1887,"ff711084381f217f84646c676e4dcc90269dc516","v0.0.199",NA,NA,"cf",NA,NA,NA,NA
"pyramidnet110_a84_svhn",3904446,0243,"971576c61cf30e02f13da616afc9848b2a609e0e","v0.0.392",NA,NA,"cf",NA,NA,NA,NA
"pyramidnet110_a270_cifar10",28485477,0251,"31bdd9d51ec01388cbb2adfb9f822c942de3c4ff","v0.0.194",NA,NA,"cf",NA,NA,NA,NA
"pyramidnet110_a270_cifar100",28511307,1710,"7417dd99069d6c8775454475968ae226b9d5ac83","v0.0.319",NA,NA,"cf",NA,NA,NA,NA
"pyramidnet110_a270_svhn",28485477,0238,"3047a9bb7c92a09adf31590e3fe6c9bcd36c7a67","v0.0.393",NA,NA,"cf",NA,NA,NA,NA
"pyramidnet164_a270_bn_cifar10",27216021,0242,"daa2a402c1081323b8f2239f2201246953774e84","v0.0.264",NA,NA,"cf",NA,NA,NA,NA
"pyramidnet164_a270_bn_cifar100",27319071,1670,"54d99c834bee0ed7402ba46e749e48182ad1599a","v0.0.312",NA,NA,"cf",NA,NA,NA,NA
"pyramidnet164_a270_bn_svhn",27216021,0233,"42d4c03374f32645924fc091d599ef7b913e2d32","v0.0.396",NA,NA,"cf",NA,NA,NA,NA
"pyramidnet200_a240_bn_cifar10",26752702,0244,"44433afdd2bc32c55dfb1e8347bc44d1c2bf82c7","v0.0.268",NA,NA,"cf",NA,NA,NA,NA
"pyramidnet200_a240_bn_cifar100",26844952,1609,"087c02d6882e274054f44482060f193b9fc208bb","v0.0.317",NA,NA,"cf",NA,NA,NA,NA
"pyramidnet200_a240_bn_svhn",26752702,0232,"f9660c25f1bcff9d361aeca8fb3efaccdc0546e7","v0.0.397",NA,NA,"cf",NA,NA,NA,NA
"pyramidnet236_a220_bn_cifar10",26969046,0247,"daa91d74979c451ecdd8b59e4350382966f25831","v0.0.285",NA,NA,"cf",NA,NA,NA,NA
"pyramidnet236_a220_bn_cifar100",27054096,1634,"a45816ebe1d6a67468b78b7a93334a41aca1c64b","v0.0.312",NA,NA,"cf",NA,NA,NA,NA
"pyramidnet236_a220_bn_svhn",26969046,0235,"f74fe248b6189699174c90bc21e7949d3cca8130","v0.0.398",NA,NA,"cf",NA,NA,NA,NA
"pyramidnet272_a200_bn_cifar10",26210842,0239,"586b1ecdc8b34b69dcae4ba57f71c24583cca9b1","v0.0.284",NA,NA,"cf",NA,NA,NA,NA
"pyramidnet272_a200_bn_cifar100",26288692,1619,"98bc2f48da0f2c68bc5376c17b0aefc734a64881","v0.0.312",NA,NA,"cf",NA,NA,NA,NA
"pyramidnet272_a200_bn_svhn",26210842,0240,"96f6e740dcdc917d776f6df855e3437c93d0da4f","v0.0.404",NA,NA,"cf",NA,NA,NA,NA
"densenet40_k12_cifar10",599050,0561,"8b8e819467a2e4c450e4ff72ced80582d0628b68","v0.0.193",NA,NA,"cf",NA,NA,NA,NA
"densenet40_k12_cifar100",622360,2490,"d182c224d6df2e289eef944d54fea9fd04890961","v0.0.195",NA,NA,"cf",NA,NA,NA,NA
"densenet40_k12_svhn",599050,0305,"ac0de84a1a905b768c66f0360f1fb9bd918833bf","v0.0.278",NA,NA,"cf",NA,NA,NA,NA
"densenet40_k12_bc_cifar10",176122,0643,"6dc86a2ea1d088f088462f5cbac06cc0f37348c0","v0.0.231",NA,NA,"cf",NA,NA,NA,NA
"densenet40_k12_bc_cifar100",188092,2841,"1e9db7651a21e807c363c9f366bd9e91ce2f296f","v0.0.232",NA,NA,"cf",NA,NA,NA,NA
"densenet40_k12_bc_svhn",176122,0320,"320760528b009864c68ff6c5b874e9f351ea7a07","v0.0.279",NA,NA,"cf",NA,NA,NA,NA
"densenet40_k24_bc_cifar10",690346,0452,"669c525548a4a2392c5e3c380936ad019f2be7f9","v0.0.220",NA,NA,"cf",NA,NA,NA,NA
"densenet40_k24_bc_cifar100",714196,2267,"411719c0177abf58eddaddd05511c86db0c9d548","v0.0.221",NA,NA,"cf",NA,NA,NA,NA
"densenet40_k24_bc_svhn",690346,0290,"f4440d3b8c974c9e1014969f4d5832c6c90195d5","v0.0.280",NA,NA,"cf",NA,NA,NA,NA
"densenet40_k36_bc_cifar10",1542682,0404,"b1a4cc7e67db1ed8c5583a59dc178cc7dc2c572e","v0.0.224",NA,NA,"cf",NA,NA,NA,NA
"densenet40_k36_bc_cifar100",1578412,2050,"cde836fafec1e5d6c8ed69fd3cfe322e8e71ef1d","v0.0.225",NA,NA,"cf",NA,NA,NA,NA
"densenet40_k36_bc_svhn",1542682,0260,"8c7db0a291a0797a8bc3c709bff7917bc41471cc","v0.0.311",NA,NA,"cf",NA,NA,NA,NA
"densenet100_k12_cifar10",4068490,0366,"26089c6e70236e8f25359de6fda67b84425888ab","v0.0.205",NA,NA,"cf",NA,NA,NA,NA
"densenet100_k12_cifar100",4129600,1964,"5e10cd830c06f6ab178e9dd876c83c754ca63f00","v0.0.206",NA,NA,"cf",NA,NA,NA,NA
"densenet100_k12_svhn",4068490,0260,"57fde50e9f44edc0486b62a1144565bc77d5bdfe","v0.0.311",NA,NA,"cf",NA,NA,NA,NA
"densenet100_k24_cifar10",16114138,0313,"397f0e39b517c05330221d4f3a9755eb5e561be1","v0.0.252",NA,NA,"cf",NA,NA,NA,NA
"densenet100_k24_cifar100",16236268,1808,"1c0a8067283952709d8e09c774c3a404f51e0079","v0.0.318",NA,NA,"cf",NA,NA,NA,NA
"densenet100_k24_svhn",16114138,NA,NA,NA,NA,NA,"cf",NA,NA,NA,NA
"densenet100_k12_bc_cifar10",769162,0416,"b9232829b13c3f3f2ea15f4be97f500b7912c3c2","v0.0.189",NA,NA,"cf",NA,NA,NA,NA
"densenet100_k12_bc_cifar100",800032,2119,"05a6f02772afda51a612f5b92aadf19ffb60eb72","v0.0.208",NA,NA,"cf",NA,NA,NA,NA
"densenet100_k12_bc_svhn",769162,NA,NA,NA,NA,NA,"cf",NA,NA,NA,NA
"densenet190_k40_bc_cifar10",25624430,0252,"2896fa088aeaef36fcf395d404d97ff172d78943","v0.0.286",NA,NA,"cf",NA,NA,NA,NA
"densenet190_k40_bc_cifar100",25821620,NA,NA,NA,NA,NA,"cf",NA,NA,NA,NA
"densenet190_k40_bc_svhn",25624430,NA,NA,NA,NA,NA,"cf",NA,NA,NA,NA
"densenet250_k24_bc_cifar10",15324406,0267,"f8f9d3052bae1fea7e33bb1ce143c38b4aa5622b","v0.0.290",NA,NA,"cf",NA,NA,NA,NA
"densenet250_k24_bc_cifar100",15480556,1739,"09ac3e7d9fbe6b97b170bd838dac20ec144b4e49","v0.0.303",NA,NA,"cf",NA,NA,NA,NA
"densenet250_k24_bc_svhn",15324406,NA,NA,NA,NA,NA,"cf",NA,NA,NA,NA
"xdensenet40_2_k24_bc_cifar10",690346,0531,"b91a9dc35877c4285fe86f49953d1118f6b69e57","v0.0.226",NA,NA,"cf",NA,NA,NA,NA
"xdensenet40_2_k24_bc_cifar100",714196,2396,"0ce8f78ab9c6a4786829f816ae0615c7905f292c","v0.0.227",NA,NA,"cf",NA,NA,NA,NA
"xdensenet40_2_k24_bc_svhn",690346,0287,"fd9b6def10f154378a76383cf023d7f2f5ae02ab","v0.0.306",NA,NA,"cf",NA,NA,NA,NA
"xdensenet40_2_k36_bc_cifar10",1542682,0437,"ed264a2060836c7440f0ccde57315e1ec6263ff0","v0.0.233",NA,NA,"cf",NA,NA,NA,NA
"xdensenet40_2_k36_bc_cifar100",1578412,2165,"6f68f83dc31dea5237e6362e6c6cfeed48a8d9e3","v0.0.234",NA,NA,"cf",NA,NA,NA,NA
"xdensenet40_2_k36_bc_svhn",1542682,0274,"540a69f13a6ce70bfef13657e70dfa414d966581","v0.0.306",NA,NA,"cf",NA,NA,NA,NA
"wrn16_10_cifar10",17116634,0293,"ce810d8a17a2deb73eddb5bec8709f93278bc53e","v0.0.166",NA,NA,"cf",NA,NA,NA,NA
"wrn16_10_cifar100",17174324,1895,"bef9809c845deb1b2bb0c9aaaa7c58bd97740504","v0.0.204",NA,NA,"cf",NA,NA,NA,NA
"wrn16_10_svhn",17116634,0278,"5ab2a4edd5398a03d2e28db1b075bf0313ae5828","v0.0.271",NA,NA,"cf",NA,NA,NA,NA
"wrn28_10_cifar10",36479194,0239,"fe97dcd6d0dd8dda8e9e38e6cfa320cffb9955ce","v0.0.166",NA,NA,"cf",NA,NA,NA,NA
"wrn28_10_cifar100",36536884,1788,"8c3fe8185d3af9cc3813fe376cab895f6780ac18","v0.0.320",NA,NA,"cf",NA,NA,NA,NA
"wrn28_10_svhn",36479194,0271,"d62b6bbaef7228706a67c2c8416681f97c6d4688","v0.0.276",NA,NA,"cf",NA,NA,NA,NA
"wrn40_8_cifar10",35748314,0237,"8dc84ec730f35c4b8968a022bc045c0665410840","v0.0.166",NA,NA,"cf",NA,NA,NA,NA
"wrn40_8_cifar100",35794484,1803,"0d18bfbff85951d88a881dc6a15ad46f56ea8c28","v0.0.321",NA,NA,"cf",NA,NA,NA,NA
"wrn40_8_svhn",35748314,0254,"dee59602c10e5d56bd9c168e8e8400792b9a8b08","v0.0.277",NA,NA,"cf",NA,NA,NA,NA
"wrn20_10_1bit_cifar10",26737140,0326,"e6140f8a5eacd5227e8748457b5ee9f5f519d2d5","v0.0.302",NA,NA,"cf",NA,NA,NA,NA
"wrn20_10_1bit_cifar100",26794920,1904,"149860c829a812224dbf2086c8ce95c2eba322fe","v0.0.302",NA,NA,"cf",NA,NA,NA,NA
"wrn20_10_1bit_svhn",26737140,0273,"ffe96cb78cd304d5207fff0cf08835ba2a71f666","v0.0.302",NA,NA,"cf",NA,NA,NA,NA
"wrn20_10_32bit_cifar10",26737140,0314,"a18146e8b0f99a900c588eb8995547393c2d9d9e","v0.0.302",NA,NA,"cf",NA,NA,NA,NA
"wrn20_10_32bit_cifar100",26794920,1812,"70d8972c7455297bc21fdbe4fc040c2f6b3593a3","v0.0.302",NA,NA,"cf",NA,NA,NA,NA
"wrn20_10_32bit_svhn",26737140,0259,"ce402a58887cbae3a38da1e845a1c1479a6d7213","v0.0.302",NA,NA,"cf",NA,NA,NA,NA
"ror3_56_cifar10",762746,0543,"44f0f47d2e1b609880ee1b623014c52a9276e2ea","v0.0.228",NA,NA,"cf",NA,NA,NA,NA
"ror3_56_cifar100",768596,2549,"34be6719cd128cfe60ba93ac6d250ac4c1acf0a5","v0.0.229",NA,NA,"cf",NA,NA,NA,NA
"ror3_56_svhn",762746,0269,"5a9ad66c8747151be1d2fb9bc854ae382039bdb9","v0.0.287",NA,NA,"cf",NA,NA,NA,NA
"ror3_110_cifar10",1637690,0435,"fb2a2b0499e4a4d92bdc1d6792bd5572256d5165","v0.0.235",NA,NA,"cf",NA,NA,NA,NA
"ror3_110_cifar100",1643540,2364,"d599e3a93cd960c8bfc5d05c721cd48fece5fa6f","v0.0.236",NA,NA,"cf",NA,NA,NA,NA
"ror3_110_svhn",1637690,0257,"155380add8d351d2c12026d886a918f1fc3f9fd0","v0.0.287",NA,NA,"cf",NA,NA,NA,NA
"ror3_164_cifar10",2512634,0393,"de7b6dc60ad6a297bd55ab65b6d7b1225b0ef6d1","v0.0.294",NA,NA,"cf",NA,NA,NA,NA
"ror3_164_cifar100",2518484,2234,"d37483fccc7fc1a25ff90ef05ecf1b8eab3cc1c4","v0.0.294",NA,NA,"cf",NA,NA,NA,NA
"ror3_164_svhn",2512634,0273,"ff0d9af0d40ef204393ecc904b01a11aa63acc01","v0.0.294",NA,NA,"cf",NA,NA,NA,NA
"rir_cifar10",9492980,0328,"414c3e6088ae1e83aa1a77c43e38f940c18a0ce2","v0.0.292",NA,NA,"cf",NA,NA,NA,NA
"rir_cifar100",9527720,1923,"de8ec24a232b94be88f4208153441f66098a681c","v0.0.292",NA,NA,"cf",NA,NA,NA,NA
"rir_svhn",9492980,0268,"12fcbd3bfc6b4165e9b23f3339a1b751b4b8f681","v0.0.292",NA,NA,"cf",NA,NA,NA,NA
"shakeshakeresnet20_2x16d_cifar10",541082,0515,"ef71ec0d5ef928ef8654294114a013895abe3f9a","v0.0.215",NA,NA,"cf",NA,NA,NA,NA
"shakeshakeresnet20_2x16d_cifar100",546932,2922,"4d07f14234b1c796b3c1dfb24d4a3220a1b6b293","v0.0.247",NA,NA,"cf",NA,NA,NA,NA
"shakeshakeresnet20_2x16d_svhn",541082,0317,"a693ec24fb8fe2c9f15bcc6b1050943c0c5d595a","v0.0.295",NA,NA,"cf",NA,NA,NA,NA
"shakeshakeresnet26_2x32d_cifar10",2923162,0317,"ecd1f8337cc90b5378b4217fb2591f2ed0f02bdf","v0.0.217",NA,NA,"cf",NA,NA,NA,NA
"shakeshakeresnet26_2x32d_cifar100",2934772,1880,"b47e371f60c9fed9eaac960568783fb6f83a362f","v0.0.222",NA,NA,"cf",NA,NA,NA,NA
"shakeshakeresnet26_2x32d_svhn",2923162,0262,"c1b8099ece97e17ce85213e4ecc6e50a064050cf","v0.0.295",NA,NA,"cf",NA,NA,NA,NA
"diaresnet20_cifar10",286866,0622,"5e1a02bf2347d48651a5feabe97f7caf215bacc9","v0.0.340",NA,NA,"cf",NA,NA,NA,NA
"diaresnet20_cifar100",292716,2771,"28aa1a18d91334e274d3157114fc5c72e47c6c65","v0.0.342",NA,NA,"cf",NA,NA,NA,NA
"diaresnet20_svhn",286866,0323,"b8ee92c9d86de6a6adc80988518fe0544759ca4f","v0.0.342",NA,NA,"cf",NA,NA,NA,NA
"diaresnet56_cifar10",870162,0505,"8ac8680448b2999bd1e03eed60373ea78eba9a44","v0.0.340",NA,NA,"cf",NA,NA,NA,NA
"diaresnet56_cifar100",876012,2435,"19085975afc7ee902a6d663eb371554c9519b467","v0.0.342",NA,NA,"cf",NA,NA,NA,NA
"diaresnet56_svhn",870162,0268,"bd2ec7558697aff1e0fd229d3e933a08c4c302e9","v0.0.342",NA,NA,"cf",NA,NA,NA,NA
"diaresnet110_cifar10",1745106,0410,"0c00a7daec69b57ab41d4a55e1026da33ecf4539","v0.0.340",NA,NA,"cf",NA,NA,NA,NA
"diaresnet110_cifar100",1750956,2211,"7096ddb3a393ad28b27ece19263c203068a11b6d","v0.0.342",NA,NA,"cf",NA,NA,NA,NA
"diaresnet110_svhn",1745106,0247,"635e42cfac6ed67e15b8a5526c8232f768d11201","v0.0.342",NA,NA,"cf",NA,NA,NA,NA
"diaresnet164bn_cifar10",1923002,0350,"d31f2ebce3acb419b07dc4d298018ffea2599fea","v0.0.340",NA,NA,"cf",NA,NA,NA,NA
"diaresnet164bn_cifar100",1946132,1953,"b1c474d27de3a291a45856a3e3d256b7fda90dd0","v0.0.342",NA,NA,"cf",NA,NA,NA,NA
"diaresnet164bn_svhn",1923002,0244,"0b8f67132b3911e6328733b666bf6a0fed133eeb","v0.0.342",NA,NA,"cf",NA,NA,NA,NA
"diaresnet1001_cifar10",10547450,NA,NA,NA,NA,NA,"cf",NA,NA,NA,NA
"diaresnet1001_cifar100",10570580,NA,NA,NA,NA,NA,"cf",NA,NA,NA,NA
"diaresnet1001_svhn",10547450,NA,NA,NA,NA,NA,"cf",NA,NA,NA,NA
"diaresnet1202_cifar10",19438418,NA,NA,NA,NA,NA,"cf",NA,NA,NA,NA
"diaresnet1202_cifar100",19444268,NA,NA,NA,NA,NA,"cf",NA,NA,NA,NA
"diaresnet1202_svhn",19438418,NA,NA,NA,NA,NA,"cf",NA,NA,NA,NA
"diapreresnet20_cifar10",286674,0642,"14a1eb85c6346c81336b490cc49f2e6b809c193e","v0.0.343",NA,NA,"cf",NA,NA,NA,NA
"diapreresnet20_cifar100",292524,2837,"f7675c09ca5f742376a102e3c8c5156aea4e24b9","v0.0.343",NA,NA,"cf",NA,NA,NA,NA
"diapreresnet20_svhn",286674,0303,"dc3e3a453ffc8aff7d014bc15867db4ce2d8e1e9","v0.0.343",NA,NA,"cf",NA,NA,NA,NA
"diapreresnet56_cifar10",869970,0483,"41cae958be1bec3f839126cd167051de6a981d0a","v0.0.343",NA,NA,"cf",NA,NA,NA,NA
"diapreresnet56_cifar100",875820,2505,"5d357985236c021ab965101b94980cdc4722a70d","v0.0.343",NA,NA,"cf",NA,NA,NA,NA
"diapreresnet56_svhn",869970,0280,"537ebc66fe32f9bb6fb6bb8f9ac6402f8ec93e09","v0.0.343",NA,NA,"cf",NA,NA,NA,NA
"diapreresnet110_cifar10",1744914,0425,"5638501600355b8b195179fb2be5d5989e93b0e0","v0.0.343",NA,NA,"cf",NA,NA,NA,NA
"diapreresnet110_cifar100",1750764,2269,"c993cc296c39bc9c8c0fc6115bfe6c7d720a0903","v0.0.343",NA,NA,"cf",NA,NA,NA,NA
"diapreresnet110_svhn",1744914,0242,"a156cfb58ffda89c0e87cd8aef82f56f79b40ea5","v0.0.343",NA,NA,"cf",NA,NA,NA,NA
"diapreresnet164bn_cifar10",1922106,0356,"6ec898c89c66eb32b0e42b78a027af4920b24366","v0.0.343",NA,NA,"cf",NA,NA,NA,NA
"diapreresnet164bn_cifar100",1945236,1999,"00872f989c33321f7938a40c0fd9f44669c4c483","v0.0.343",NA,NA,"cf",NA,NA,NA,NA
"diapreresnet164bn_svhn",1922106,0256,"134048810bd2e12dc68035d4ecad6af525639db0","v0.0.343",NA,NA,"cf",NA,NA,NA,NA
"diapreresnet1001_cifar10",10546554,NA,NA,NA,NA,NA,"cf",NA,NA,NA,NA
"diapreresnet1001_cifar100",10569684,NA,NA,NA,NA,NA,"cf",NA,NA,NA,NA
"diapreresnet1001_svhn",10546554,NA,NA,NA,NA,NA,"cf",NA,NA,NA,NA
"diapreresnet1202_cifar10",19438226,NA,NA,NA,NA,NA,"cf",NA,NA,NA,NA
"diapreresnet1202_cifar100",19444076,NA,NA,NA,NA,NA,"cf",NA,NA,NA,NA
"diapreresnet1202_svhn",19438226,NA,NA,NA,NA,NA,"cf",NA,NA,NA,NA
"resnet10_cub",5008392,2777,"4525b5932665698b3f4551dde99d22ce03878172","v0.0.335",NA,NA,"cub",NA,NA,NA,NA
"resnet12_cub",5082376,2727,"c15248832d2fe88c58fb603df3925e09b3d797e7","v0.0.336",NA,NA,"cub",NA,NA,NA,NA
"resnet14_cub",5377800,2477,"5051bbc659c0303c1860114f1a32a18942de9099","v0.0.337",NA,NA,"cub",NA,NA,NA,NA
"resnetbc14b_cub",8425736,NA,NA,NA,NA,NA,"cub",NA,NA,NA,NA
"resnet16_cub",6558472,2365,"b831356c696db80fec8deb2381875f37bf60dd93","v0.0.338",NA,NA,"cub",NA,NA,NA,NA
"resnet18_cub",11279112,2333,"200d8b9c48baf073a4c2ea0cbba4d7f81288e684","v0.0.344",NA,NA,"cub",NA,NA,NA,NA
"resnet26_cub",17549832,2316,"599ab467f396e979028f2ae5d65330949c9ddc86","v0.0.345",NA,NA,"cub",NA,NA,NA,NA
"resnetbc26b_cub",14355976,NA,NA,NA,NA,NA,"cub",NA,NA,NA,NA
"resnet34_cub",21387272,NA,NA,NA,NA,NA,"cub",NA,NA,NA,NA
"resnetbc38b_cub",20286216,NA,NA,NA,NA,NA,"cub",NA,NA,NA,NA
"resnet50_cub",23917832,NA,NA,NA,NA,NA,"cub",NA,NA,NA,NA
"resnet50b_cub",23917832,NA,NA,NA,NA,NA,"cub",NA,NA,NA,NA
"resnet101_cub",42909960,NA,NA,NA,NA,NA,"cub",NA,NA,NA,NA
"resnet101b_cub",42909960,NA,NA,NA,NA,NA,"cub",NA,NA,NA,NA
"resnet152_cub",58553608,NA,NA,NA,NA,NA,"cub",NA,NA,NA,NA
"resnet152b_cub",58553608,NA,NA,NA,NA,NA,"cub",NA,NA,NA,NA
"resnet200_cub",63034632,NA,NA,NA,NA,NA,"cub",NA,NA,NA,NA
"resnet200b_cub",63034632,NA,NA,NA,NA,NA,"cub",NA,NA,NA,NA
"seresnet10_cub",5052932,2772,"f52526ec21bbb534a6d51be42bdb5322fbda919b","v0.0.361",NA,NA,"cub",NA,NA,NA,NA
"seresnet12_cub",5127496,2651,"5c0e7f835c65d1f2f85048d0169788377490b819","v0.0.361",NA,NA,"cub",NA,NA,NA,NA
"seresnet14_cub",5425104,2416,"a4cda9012ec2380fa74f3d74879f0d206fcaf5b5","v0.0.361",NA,NA,"cub",NA,NA,NA,NA
"seresnetbc14b_cub",9126136,NA,NA,NA,NA,NA,"cub",NA,NA,NA,NA
"seresnet16_cub",6614240,2332,"43a819b7e226d65aa77a4c90fdb7c70eb5093505","v0.0.361",NA,NA,"cub",NA,NA,NA,NA
"seresnet18_cub",11368192,2352,"414fa2775de28ce3a1a0bc142ab674fa3a6638e3","v0.0.361",NA,NA,"cub",NA,NA,NA,NA
"seresnet26_cub",17683452,2299,"5aa0a7d1ef9c33f8dbf3ff1cb1a1a855627163f4","v0.0.361",NA,NA,"cub",NA,NA,NA,NA
"seresnetbc26b_cub",15756776,NA,NA,NA,NA,NA,"cub",NA,NA,NA,NA
"seresnet34_cub",21548468,NA,NA,NA,NA,NA,"cub",NA,NA,NA,NA
"seresnetbc38b_cub",22387416,NA,NA,NA,NA,NA,"cub",NA,NA,NA,NA
"seresnet50_cub",26448824,NA,NA,NA,NA,NA,"cub",NA,NA,NA,NA
"seresnet50b_cub",26448824,NA,NA,NA,NA,NA,"cub",NA,NA,NA,NA
"seresnet101_cub",47687672,NA,NA,NA,NA,NA,"cub",NA,NA,NA,NA
"seresnet101b_cub",47687672,NA,NA,NA,NA,NA,"cub",NA,NA,NA,NA
"seresnet152_cub",65182648,NA,NA,NA,NA,NA,"cub",NA,NA,NA,NA
"seresnet152b_cub",65182648,NA,NA,NA,NA,NA,"cub",NA,NA,NA,NA
"seresnet200_cub",70196664,NA,NA,NA,NA,NA,"cub",NA,NA,NA,NA
"seresnet200b_cub",70196664,NA,NA,NA,NA,NA,"cub",NA,NA,NA,NA
"mobilenet_w1_cub",3411976,2377,"8428471f4ae08709b71ff2f69cf1a6fd286004c9","v0.0.346",NA,NA,"cub",NA,NA,NA,NA
"mobilenet_w3d4_cub",1970360,NA,NA,NA,NA,NA,"cub",NA,NA,NA,NA
"mobilenet_wd2_cub",921192,NA,NA,NA,NA,NA,"cub",NA,NA,NA,NA
"mobilenet_wd4_cub",264472,NA,NA,NA,NA,NA,"cub",NA,NA,NA,NA
"fdmobilenet_w1_cub",2081288,NA,NA,NA,NA,NA,"cub",NA,NA,NA,NA
"fdmobilenet_w3d4_cub",1218104,NA,NA,NA,NA,NA,"cub",NA,NA,NA,NA
"fdmobilenet_wd2_cub",583528,NA,NA,NA,NA,NA,"cub",NA,NA,NA,NA
"fdmobilenet_wd4_cub",177560,NA,NA,NA,NA,NA,"cub",NA,NA,NA,NA
"proxylessnas_cpu_cub",3215248,NA,NA,NA,NA,NA,"cub",NA,NA,NA,NA
"proxylessnas_gpu_cub",5736648,NA,NA,NA,NA,NA,"cub",NA,NA,NA,NA
"proxylessnas_mobile_cub",3055712,2266,"e4b5098a17425c97740fc564460aa95d9eb2a41e","v0.0.347",NA,NA,"cub",NA,NA,NA,NA
"proxylessnas_mobile14_cub",5423168,NA,NA,NA,NA,NA,"cub",NA,NA,NA,NA
"ntsnet_cub",29033133,1277,"f6f330abfabcc2ea17a8d4b8977a6ea322ddf532","v0.0.334",NA,NA,"cub",NA,NA,NA,NA
"pspnet_resnetd50b_voc",49081578,NA,NA,NA,NA,NA,"voc",NA,NA,NA,NA
"pspnet_resnetd101b_voc",68073706,8144,"c22f021948461a7b7ab1ef1265a7948762770c83","v0.0.297",NA,NA,"voc",NA,NA,NA,NA
"pspnet_resnetd50b_coco",49081578,NA,NA,NA,NA,NA,"cocoseg",NA,NA,NA,NA
"pspnet_resnetd101b_coco",68073706,6741,"c8b13be65cb43402fce8bae945f6e0d0a3246b92","v0.0.297",NA,NA,"cocoseg",NA,NA,NA,NA
"pspnet_resnetd50b_ade20k",49180908,3687,"13f22137d7dd06c6de2ffc47e6ed33403d3dd2cf","v0.0.297",NA,NA,"ade20k",NA,NA,NA,NA
"pspnet_resnetd101b_ade20k",68173036,3797,"115d62bf66477221b83337208aefe0f2f0266da2","v0.0.297",NA,NA,"ade20k",NA,NA,NA,NA
"pspnet_resnetd50b_cityscapes",49080038,NA,NA,NA,NA,NA,"cs",NA,NA,NA,NA
"pspnet_resnetd101b_cityscapes",68072166,7172,"0a6efb497bd4fc763d27e2121211e06f72ada7ed","v0.0.297",NA,NA,"cs",NA,NA,NA,NA
"deeplabv3_resnetd50b_voc",42127850,NA,NA,NA,NA,NA,"voc",NA,NA,NA,NA
"deeplabv3_resnetd101b_voc",61119978,8024,"fd8bf74ffc96c97b30bcd3b6ce194a2daed68098","v0.0.298",NA,NA,"voc",NA,NA,NA,NA
"deeplabv3_resnetd152b_voc",76763626,8120,"f2dae198b3cdc41920ea04f674b665987c68d7dc","v0.0.298",NA,NA,"voc",NA,NA,NA,NA
"deeplabv3_resnetd50b_coco",42127850,NA,NA,NA,NA,NA,"cocoseg",NA,NA,NA,NA
"deeplabv3_resnetd101b_coco",61119978,6773,"e59c1d8f7ed5bcb83f927d2820580a2f4970e46f","v0.0.298",NA,NA,"cocoseg",NA,NA,NA,NA
"deeplabv3_resnetd152b_coco",76763626,6899,"7e946d7a63ed255dd38afacebb0a0525e735da64","v0.0.298",NA,NA,"cocoseg",NA,NA,NA,NA
"deeplabv3_resnetd50b_ade20k",42194156,3713,"bddbb458e362e18f5812c2307b322840394314bc","v0.0.298",NA,NA,"ade20k",NA,NA,NA,NA
"deeplabv3_resnetd101b_ade20k",61186284,3784,"977446a5fb32b33f168f2240fb6b7ef9f561fc1e","v0.0.298",NA,NA,"ade20k",NA,NA,NA,NA
"deeplabv3_resnetd50b_cityscapes",42126822,NA,NA,NA,NA,NA,"cs",NA,NA,NA,NA
"deeplabv3_resnetd101b_cityscapes",61118950,NA,NA,NA,NA,NA,"cs",NA,NA,NA,NA
"fcn8sd_resnetd50b_voc",35445994,NA,NA,NA,NA,NA,"voc",NA,NA,NA,NA
"fcn8sd_resnetd101b_voc",54438122,8040,"66edc0b073f0dec66c18bb163c7d6de1ddbc32a3","v0.0.299",NA,NA,"voc",NA,NA,NA,NA
"fcn8sd_resnetd50b_coco",35445994,NA,NA,NA,NA,NA,"coco",NA,NA,NA,NA
"fcn8sd_resnetd101b_coco",54438122,6011,"ebe2ad0bc1de5b4cecade61d17d269aa8bf6df7f","v0.0.299",NA,NA,"coco",NA,NA,NA,NA
"fcn8sd_resnetd50b_ade20k",35545324,3339,"e1dad8a15c2a1be1138bd3ec51ba1b100bb8d9c9","v0.0.299",NA,NA,"ade20k",NA,NA,NA,NA
"fcn8sd_resnetd101b_ade20k",54537452,3588,"30d05ca42392a164ea7c93a9cbd7f33911d3c1af","v0.0.299",NA,NA,"ade20k",NA,NA,NA,NA
"fcn8sd_resnetd50b_cityscapes",35444454,NA,NA,NA,NA,NA,"cs",NA,NA,NA,NA
"fcn8sd_resnetd101b_cityscapes",54436582,NA,NA,NA,NA,NA,"cs",NA,NA,NA,NA
"icnet_resnetd50b_cityscapes",47489184,6402,"b380f8cc91ffeac29df6c245f34fbc89aa095c53","v0.0.457",NA,NA,"cs",NA,NA,NA,NA
"fastscnn_cityscapes",1176278,6576,"b9859a25c6940383248bf2f53e2a5f02c1727cc8","v0.0.474",NA,NA,"cs",NA,NA,NA,NA
"sinet_cityscapes",119418,6172,"8ecd14141b85a682c2cc1c74e13077fee4746d87","v0.0.437",NA,NA,"cs",NA,NA,NA,NA
"bisenet_resnet18_celebamaskhq",13300416,0000,"98affefd74cc7f87314a96f148dbdbf4055bbfcb","v0.0.462",NA,NA,"cs",NA,NA,NA,NA
"danet_resnetd50b_cityscapes",47586427,6799,"c5740c9fd471c141a584455efd2167858dd8cb94","v0.0.468",NA,NA,"cs",NA,NA,NA,NA
"danet_resnetd101b_cityscapes",66578555,6810,"f1eeb724757bbcdc067de9cdfad6d463fb9fdb90","v0.0.468",NA,NA,"cs",NA,NA,NA,NA
"alphapose_fastseresnet101b_coco",59569873,7415,"b9e3f64a9fe44198b23e7278cc3a94fd94247e20","v0.0.454",NA,NA,"cocohpe",NA,NA,NA,NA
"simplepose_resnet18_coco",15376721,6631,"7c3656b35607805bdb877e7134938fd4510b2c8c","v0.0.455",NA,NA,"cocohpe",NA,NA,NA,NA
"simplepose_resnet50b_coco",33999697,7102,"621d2545c8b39793a0fe3a48054684f8b982a978","v0.0.455",NA,NA,"cocohpe",NA,NA,NA,NA
"simplepose_resnet101b_coco",52991825,7244,"540c29ec1794535fe9ee319cdb5527ed3a6d3eb5","v0.0.455",NA,NA,"cocohpe",NA,NA,NA,NA
"simplepose_resnet152b_coco",68635473,7253,"3a358d7de566d51e90b9d3a1f44a1c9c948769ed","v0.0.455",NA,NA,"cocohpe",NA,NA,NA,NA
"simplepose_resneta50b_coco",34018929,7170,"2d973dc512d02f24d0de5a98008898c0a03a2c99","v0.0.455",NA,NA,"cocohpe",NA,NA,NA,NA
"simplepose_resneta101b_coco",53011057,7297,"08175610ce24a4e476b49030c1c1378d74158f70","v0.0.455",NA,NA,"cocohpe",NA,NA,NA,NA
"simplepose_resneta152b_coco",68654705,7344,"dacb65cfe1261e5f2013cde18f2d5753c6453568","v0.0.455",NA,NA,"cocohpe",NA,NA,NA,NA
"simplepose_mobile_resnet18_coco",12858208,6625,"1e27b206737a33678b67b638bba8a4d024ec2dc3","v0.0.456",NA,NA,"cocohpe",NA,NA,NA,NA
"simplepose_mobile_resnet50b_coco",25582944,7110,"023f910cab8c0750bb24e6a14aecdeb42fcc5561","v0.0.456",NA,NA,"cocohpe",NA,NA,NA,NA
"simplepose_mobile_mobilenet_w1_coco",5019744,6410,"0ca46de0f31cb3d700ce1310f2eba19a3308a3f0","v0.0.456",NA,NA,"cocohpe",NA,NA,NA,NA
"simplepose_mobile_mobilenetv2b_w1_coco",4102176,6374,"94f86097959d1acca6605d0d6487fd2d0899dfeb","v0.0.456",NA,NA,"cocohpe",NA,NA,NA,NA
"simplepose_mobile_mobilenetv3_small_w1_coco",2625088,5434,"5cedb749e09a30c779073fba0e71546ad8b022d5","v0.0.456",NA,NA,"cocohpe",NA,NA,NA,NA
"simplepose_mobile_mobilenetv3_large_w1_coco",4768336,6367,"9515de071e264aa95514b9b85ab60a5da23f5f69","v0.0.456",NA,NA,"cocohpe",NA,NA,NA,NA
"lwopenpose2d_mobilenet_cmupan_coco",4091698,3999,"a6b9c66bb43e7819464f1ce23c6e3433b726b95d","v0.0.458",NA,NA,"cocohpe",NA,NA,NA,NA
"lwopenpose3d_mobilenet_cmupan_coco",5085983,3999,"4c727e1dece57dede247da2d7b97d647c0d51b0a","v0.0.458",NA,NA,"cocohpe",NA,NA,NA,NA
"ibppose_coco",95827784,6487,"1958fe10a02a1c441e40d109d3281845488e1e2f","v0.0.459",NA,NA,"cocohpe",NA,NA,NA,NA
"jasperdr10x5_en",332632349,2192,"c2c00e2cc4a4302731e93c7cf9e59378a50668ab","v0.0.555",NA,NA,"mcv",NA,NA,NA,NA
"jasperdr10x5_en_nr",332632349,1792,"0417568d949907fcb9cf99de6646849fee1f2840","v0.0.555",NA,NA,"mcv",NA,NA,NA,NA
"quartznet5x5_en_ls",6713181,4469,"45bb0d815f16dcd1e754e90f82175b5366f75121","v0.0.555",NA,NA,"mcv",NA,NA,NA,NA
"quartznet15x5_en",18924381,1679,"d59dfb8a63e6661a43ded110c059d587dfa77eee","v0.0.555",NA,NA,"mcv",NA,NA,NA,NA
"quartznet15x5_en_nr",18924381,1776,"dfc92f272f3d7f3a0f040b52418605016a68250e","v0.0.555",NA,NA,"mcv",NA,NA,NA,NA
"quartznet15x5_de",18927456,1167,"fb6c1f372bb80014cc7b9f04d7d615229b36084c","v0.0.555",NA,NA,"mcv",NA,NA,NA,NA
"quartznet15x5_fr",18938731,1388,"18af35d6317462f2afdd3da5fc636f052459f211","v0.0.555",NA,NA,"mcv",NA,NA,NA,NA
"quartznet15x5_it",18934631,1502,"04cac1876b9bfc82f1bc98b3c41ed664434168d5","v0.0.555",NA,NA,"mcv",NA,NA,NA,NA
"quartznet15x5_es",18931556,1295,"0e3f57f74b7b21bdc568620a1edeea6338a5691a","v0.0.555",NA,NA,"mcv",NA,NA,NA,NA
"quartznet15x5_ca",18934631,0842,"05b4e456a3035a095cbc2212a9982ea12850dacb","v0.0.555",NA,NA,"mcv",NA,NA,NA,NA
"quartznet15x5_pl",18929506,1359,"a57dfee49831403bb01b8624fac39f7403365ee3","v0.0.555",NA,NA,"mcv",NA,NA,NA,NA
"quartznet15x5_ru",18930531,1648,"deaa15ba85f5c1447076c744de2231fbc7eb94e8","v0.0.555",NA,NA,"mcv",NA,NA,NA,NA
"quartznet15x5_ru34",18929506,0969,"977a01574b0c741435bfe76c3bcc6c58e22f816f","v0.0.555",NA,NA,"mcv",NA,NA,NA,NA
"visemenet20",14574303,NA,NA,NA,"VisemeNet","1805.09488",NA,NA,NA,NA,NA
"nvpattexp116bazel76",327397,NA,NA,NA,"NVP 116/76","1912.05566",NA,NA,NA,NA,NA
"prnet",13353618,NA,NA,NA,"PRNet","1803.07835",NA,NA,NA,NA,NA
"erfnet_cityscapes",2064191,NA,NA,NA,"ERFNet",NA,NA,NA,NA,NA,NA
"esnet_cityscapes",1660607,NA,NA,NA,"ESNet","1906.09826",NA,NA,NA,NA,NA
"linknet_cityscapes",11535699,NA,NA,NA,"LinkNet","1707.03718",NA,NA,NA,NA,NA
"sqnet_cityscapes",16262771,NA,NA,NA,"SQNet",NA,NA,NA,NA,NA,NA
"cgnet_cityscapes",496306,NA,NA,NA,"CGNet","1811.08201",NA,NA,NA,NA,NA
"edanet_cityscapes",689485,NA,NA,NA,"EDANet","1809.06323",NA,NA,NA,NA,NA
"enet_cityscapes",358060,NA,NA,NA,"ENet","1606.02147",NA,NA,NA,NA,NA
"lednet_cityscapes",922821,NA,NA,NA,"LEDNet","1905.02423",NA,NA,NA,NA,NA
"octresnet10_ad2",5423016,NA,NA,NA,"Oct-ResNet-10 (alpha=1/2)","1904.05049",NA,NA,NA,NA,NA
"octresnet50b_ad2",25557032,NA,NA,NA,"Oct-ResNet-50b (alpha=1/2)","1904.05049",NA,NA,NA,NA,NA
"voca8flame",809563,NA,NA,NA,"VOCA-8-FLAME","1905.03079",NA,NA,NA,NA,NA
"superpointnet",1300865,NA,NA,NA,"SuperPointNet","1712.07629",NA,NA,NA,NA,NA
"lffd20x5s320v2_widerface",1520606,NA,NA,NA,"LFFD-320-20L-5S-V2","1904.10633",NA,NA,NA,NA,NA
"lffd25x8s560v1_widerface",2290608,NA,NA,NA,"LFFD-560-25L-8S-V1","1904.10633",NA,NA,NA,NA,NA
"tresnet_m",31389032,NA,NA,NA,"TResNet-M","2003.13630",NA,NA,NA,NA,NA
"tresnet_l",55989256,NA,NA,NA,"TResNet-L","2003.13630",NA,NA,NA,NA,NA
"tresnet_xl",78436244,NA,NA,NA,"TResNet-XL","2003.13630",NA,NA,NA,NA,NA
"sparsenet121",3250824,NA,NA,NA,"SparseNet-121","1801.05895",NA,NA,NA,NA,NA
"sparsenet161",9853288,NA,NA,NA,"SparseNet-161","1801.05895",NA,NA,NA,NA,NA
"sparsenet169",4709864,NA,NA,NA,"SparseNet-169","1801.05895",NA,NA,NA,NA,NA
"sparsenet201",5703144,NA,NA,NA,"SparseNet-201","1801.05895",NA,NA,NA,NA,NA
"sparsenet264",7717224,NA,NA,NA,"SparseNet-264","1801.05895",NA,NA,NA,NA,NA
"espcnet_cityscapes",210889,NA,NA,NA,"ESPNet-C","1803.06815",NA,NA,NA,NA,NA
"fpenet_cityscapes",115125,NA,NA,NA,"FPENet","1909.08599",NA,NA,NA,NA,NA
"fractalnet_cifar10",33724618,NA,NA,NA,"FractalNet","1605.07648",NA,NA,NA,NA,NA
"fractalnet_cifar100",33770788,NA,NA,NA,"FractalNet","1605.07648",NA,NA,NA,NA,NA
"ghostnet",5180840,NA,NA,NA,"GhostNet",NA,NA,NA,NA,NA,NA
"pfpcnet",9299329,NA,NA,NA,"PFPCNet","1609.06536",NA,NA,NA,NA,NA
"msdnet22",20106676,NA,NA,NA,"MSDNet-22","1703.09844",NA,NA,NA,NA,NA
"msdnet22_cifar10",4839544,NA,NA,NA,"MSDNet-22","1703.09844",NA,NA,NA,NA,NA
"jasper5x3",107681053,NA,NA,NA,"Jasper 5x3","1904.03288",NA,NA,NA,NA,NA
"jasper10x4",261393693,NA,NA,NA,"Jasper 10x4","1904.03288",NA,NA,NA,NA,NA
"jasper10x5",322286877,NA,NA,NA,"Jasper 10x5","1904.03288",NA,NA,NA,NA,NA
"irevnet301",125120356,NA,NA,NA,"i-RevNet-301","1802.07088",NA,NA,NA,NA,NA
"raft_things",5257536,0000,"d74fed4b7511a95ca9713b69ff19a132210a1016","v0.0.570","RAFT-Things","2003.12039",NA,NA,NA,NA,NA
"raft_small",990162,0000,"1e56068eb8fbb8207d6f9297c542254d6a16ff2d","v0.0.570","RAFT-Small","2003.12039",NA,NA,NA,NA,NA
"propainter_rfc",5079555,0000,"a865ddc0281f27ff0814939a8c0101e936678312","v0.0.570","ProPainter-RFC","2309.03897",NA,NA,NA,NA,NA
"propainter_ip",0,NA,NA,NA,"ProPainter-IP","2309.03897",NA,NA,NA,NA,NA
"propainter",39429667,0000,"5f3cc1e7083fb5c49a7e5c574a06d41c763550a5","v0.0.570","ProPainter","2309.03897",NA,NA,NA,NA,NA